2026-04-12 00:37:15,986 [DEBUG] CloudFormation client initialized with endpoint https://cloudformation.ap-south-1.amazonaws.com
2026-04-12 00:37:15,987 [DEBUG] SQS client initialized with endpoint https://sqs.ap-south-1.amazonaws.com
2026-04-12 00:37:15,987 [DEBUG] CloudFormation client initialized with endpoint https://cloudformation.ap-south-1.amazonaws.com
2026-04-12 00:37:15,987 [DEBUG] Enabled single threading mode.
2026-04-12 00:37:15,988 [DEBUG] Creating /var/lib/cfn-hup/data
2026-04-12 00:37:16,002 [INFO] No umask value specified in config file. Using the default one: 0o22
2026-04-12 00:37:16,064 [INFO] Pid: 1780
2026-04-12 00:37:18,049 [INFO] Refreshing listener credentials
2026-04-12 00:37:18,119 [INFO] Scheduling next credential refresh in 1799.0 seconds
2026-04-12 00:38:58,184 [WARNING] Timeout of 60 seconds breached
2026-04-12 00:38:58,185 [ERROR] Client-side timeout
Traceback (most recent call last):
  File "/usr/lib/python3.9/site-packages/cfnbootstrap/util.py", line 191, in _retry
    return f(*args, **kwargs)
  File "/usr/lib/python3.9/site-packages/cfnbootstrap/util.py", line 264, in _timeout
    raise TimeoutError(
cfnbootstrap.util.TimeoutError
2026-04-12 00:42:18,588 [WARNING] Timeout of 60 seconds breached
2026-04-12 00:42:18,589 [ERROR] Client-side timeout
Traceback (most recent call last):
  File "/usr/lib/python3.9/site-packages/cfnbootstrap/util.py", line 191, in _retry
    return f(*args, **kwargs)
  File "/usr/lib/python3.9/site-packages/cfnbootstrap/util.py", line 264, in _timeout
    raise TimeoutError(
cfnbootstrap.util.TimeoutError
2026-04-12 00:42:18,712 [INFO] Received command ElasticBeanstalkCommand-AWSEBAutoScalingGroup (invocation id: 89ce09f3-dda0-4215-853a-d4134aff854b)
2026-04-12 00:42:18,712 [INFO] Running action for aws-eb-command-handler
2026-04-12 00:42:28,829 [INFO] Action for aws-eb-command-handler succeeded, returning SUCCESS
2026-04-12 00:42:28,894 [INFO] command processing is alive.
2026-04-12 00:42:38,836 [INFO] Shutting down cfn-hup with signal: 15
2026-04-12 00:42:49,288 [DEBUG] CloudFormation client initialized with endpoint https://cloudformation.ap-south-1.amazonaws.com
2026-04-12 00:42:49,288 [DEBUG] SQS client initialized with endpoint https://sqs.ap-south-1.amazonaws.com
2026-04-12 00:42:49,288 [DEBUG] CloudFormation client initialized with endpoint https://cloudformation.ap-south-1.amazonaws.com
2026-04-12 00:42:49,288 [DEBUG] Enabled single threading mode.
2026-04-12 00:42:49,290 [INFO] No umask value specified in config file. Using the default one: 0o22
2026-04-12 00:42:49,340 [INFO] Pid: 2399
2026-04-12 00:42:49,595 [INFO] Refreshing listener credentials
2026-04-12 00:42:49,661 [INFO] Scheduling next credential refresh in 1799.0 seconds
2026-04-12 00:47:50,063 [INFO] command processing is alive.
2026-04-12 00:52:50,449 [INFO] command processing is alive.
2026-04-12 00:57:50,841 [INFO] command processing is alive.
2026-04-12 01:02:51,236 [INFO] command processing is alive.
2026-04-12 01:07:51,667 [INFO] command processing is alive.
2026-04-12 01:12:48,661 [INFO] Refreshing listener credentials
2026-04-12 01:12:48,738 [INFO] Scheduling next credential refresh in 1799.0 seconds
2026-04-12 01:12:52,091 [INFO] command processing is alive.
2026-04-12 01:17:52,478 [INFO] command processing is alive.
2026-04-12 01:22:52,879 [INFO] command processing is alive.
2026-04-12 01:27:53,313 [INFO] command processing is alive.
2026-04-12 01:32:53,702 [INFO] command processing is alive.
2026-04-12 01:37:54,084 [INFO] command processing is alive.
2026-04-12 01:42:47,739 [INFO] Refreshing listener credentials
2026-04-12 01:42:47,815 [INFO] Scheduling next credential refresh in 1799.0 seconds
2026-04-12 01:42:54,481 [INFO] command processing is alive.
2026-04-12 01:47:54,877 [INFO] command processing is alive.
2026-04-12 01:52:55,284 [INFO] command processing is alive.
2026-04-12 01:57:55,665 [INFO] command processing is alive.
2026-04-12 02:02:56,058 [INFO] command processing is alive.
2026-04-12 02:07:56,455 [INFO] command processing is alive.
2026-04-12 02:12:46,815 [INFO] Refreshing listener credentials
2026-04-12 02:12:46,888 [INFO] Scheduling next credential refresh in 1799.0 seconds
2026-04-12 02:12:56,846 [INFO] command processing is alive.
2026-04-12 02:17:57,248 [INFO] command processing is alive.
2026-04-12 02:22:57,635 [INFO] command processing is alive.
2026-04-12 02:27:58,024 [INFO] command processing is alive.
2026-04-12 02:32:58,410 [INFO] command processing is alive.
2026-04-12 02:37:58,787 [INFO] command processing is alive.
2026-04-12 02:42:45,888 [INFO] Refreshing listener credentials
2026-04-12 02:42:45,969 [INFO] Scheduling next credential refresh in 1799.0 seconds
2026-04-12 02:42:59,168 [INFO] command processing is alive.
2026-04-12 02:47:59,555 [INFO] command processing is alive.
2026-04-12 02:52:59,953 [INFO] command processing is alive.
2026-04-12 02:58:00,437 [INFO] command processing is alive.
2026-04-12 03:03:00,833 [INFO] command processing is alive.
2026-04-12 03:08:01,220 [INFO] command processing is alive.
2026-04-12 03:12:44,969 [INFO] Refreshing listener credentials
2026-04-12 03:12:45,046 [INFO] Scheduling next credential refresh in 1799.0 seconds
2026-04-12 03:13:01,722 [INFO] command processing is alive.
2026-04-12 03:18:02,186 [INFO] command processing is alive.
2026-04-12 03:23:02,643 [INFO] command processing is alive.
2026-04-12 03:28:03,023 [INFO] command processing is alive.
2026-04-12 03:33:03,404 [INFO] command processing is alive.
2026-04-12 03:38:03,797 [INFO] command processing is alive.
2026-04-12 03:42:44,046 [INFO] Refreshing listener credentials
2026-04-12 03:42:44,120 [INFO] Scheduling next credential refresh in 1799.0 seconds
2026-04-12 03:43:04,183 [INFO] command processing is alive.
2026-04-12 03:48:04,572 [INFO] command processing is alive.
2026-04-12 03:53:04,932 [INFO] command processing is alive.
2026-04-12 03:58:05,315 [INFO] command processing is alive.
2026-04-12 04:03:05,694 [INFO] command processing is alive.
2026-04-12 04:08:06,083 [INFO] command processing is alive.
2026-04-12 04:12:43,120 [INFO] Refreshing listener credentials
2026-04-12 04:12:43,207 [INFO] Scheduling next credential refresh in 1799.0 seconds
2026-04-12 04:13:06,483 [INFO] command processing is alive.
2026-04-12 04:18:06,882 [INFO] command processing is alive.
2026-04-12 04:23:07,282 [INFO] command processing is alive.
2026-04-12 04:28:07,674 [INFO] command processing is alive.
2026-04-12 04:33:08,048 [INFO] command processing is alive.
2026-04-12 04:38:08,435 [INFO] command processing is alive.
2026-04-12 04:42:42,207 [INFO] Refreshing listener credentials
2026-04-12 04:42:42,293 [INFO] Scheduling next credential refresh in 1799.0 seconds
2026-04-12 04:43:08,826 [INFO] command processing is alive.
2026-04-12 04:48:09,210 [INFO] command processing is alive.
2026-04-12 04:53:09,603 [INFO] command processing is alive.
2026-04-12 04:58:09,991 [INFO] command processing is alive.
2026-04-12 05:03:10,372 [INFO] command processing is alive.
2026-04-12 05:08:10,763 [INFO] command processing is alive.
2026-04-12 05:12:41,294 [INFO] Refreshing listener credentials
2026-04-12 05:12:41,377 [INFO] Scheduling next credential refresh in 1799.0 seconds
2026-04-12 05:13:11,185 [INFO] command processing is alive.
2026-04-12 05:18:11,580 [INFO] command processing is alive.
2026-04-12 05:23:11,987 [INFO] command processing is alive.
2026-04-12 05:28:12,391 [INFO] command processing is alive.
2026-04-12 05:33:12,770 [INFO] command processing is alive.
2026-04-12 05:38:13,157 [INFO] command processing is alive.
2026-04-12 05:42:40,377 [INFO] Refreshing listener credentials
2026-04-12 05:42:40,459 [INFO] Scheduling next credential refresh in 1799.0 seconds
2026-04-12 05:43:13,549 [INFO] command processing is alive.
2026-04-12 05:48:13,928 [INFO] command processing is alive.
2026-04-12 05:53:14,336 [INFO] command processing is alive.
2026-04-12 05:58:14,727 [INFO] command processing is alive.
2026-04-12 06:03:15,117 [INFO] command processing is alive.
2026-04-12 06:08:15,512 [INFO] command processing is alive.
2026-04-12 06:12:39,460 [INFO] Refreshing listener credentials
2026-04-12 06:12:39,557 [INFO] Scheduling next credential refresh in 1799.0 seconds
2026-04-12 06:13:15,919 [INFO] command processing is alive.
2026-04-12 06:18:16,319 [INFO] command processing is alive.
2026-04-12 06:23:16,691 [INFO] command processing is alive.
2026-04-12 06:28:17,102 [INFO] command processing is alive.
2026-04-12 06:33:17,487 [INFO] command processing is alive.
2026-04-12 06:38:17,859 [INFO] command processing is alive.
2026-04-12 06:42:38,557 [INFO] Refreshing listener credentials
2026-04-12 06:42:38,636 [INFO] Scheduling next credential refresh in 1799.0 seconds
2026-04-12 06:43:18,247 [INFO] command processing is alive.
2026-04-12 06:48:18,667 [INFO] command processing is alive.
2026-04-12 06:53:19,094 [INFO] command processing is alive.
2026-04-12 06:58:19,495 [INFO] command processing is alive.
2026-04-12 07:03:19,883 [INFO] command processing is alive.
2026-04-12 07:08:20,312 [INFO] command processing is alive.
2026-04-12 07:12:37,636 [INFO] Refreshing listener credentials
2026-04-12 07:12:37,707 [INFO] Scheduling next credential refresh in 1799.0 seconds
2026-04-12 07:13:20,702 [INFO] command processing is alive.
2026-04-12 07:18:21,087 [INFO] command processing is alive.
2026-04-12 07:23:21,517 [INFO] command processing is alive.
2026-04-12 07:28:22,037 [INFO] command processing is alive.
2026-04-12 07:33:22,586 [INFO] command processing is alive.
2026-04-12 07:38:22,964 [INFO] command processing is alive.
2026-04-12 07:42:36,707 [INFO] Refreshing listener credentials
2026-04-12 07:42:36,780 [INFO] Scheduling next credential refresh in 1799.0 seconds
2026-04-12 07:43:23,359 [INFO] command processing is alive.
2026-04-12 07:48:23,741 [INFO] command processing is alive.
2026-04-12 07:53:24,126 [INFO] command processing is alive.
2026-04-12 07:58:24,512 [INFO] command processing is alive.
2026-04-12 08:03:24,920 [INFO] command processing is alive.
2026-04-12 08:08:25,360 [INFO] command processing is alive.
2026-04-12 08:12:35,781 [INFO] Refreshing listener credentials
2026-04-12 08:12:35,893 [INFO] Scheduling next credential refresh in 1799.0 seconds
2026-04-12 08:13:26,219 [INFO] command processing is alive.
2026-04-12 08:18:26,622 [INFO] command processing is alive.
2026-04-12 08:23:27,029 [INFO] command processing is alive.
2026-04-12 08:28:27,406 [INFO] command processing is alive.
2026-04-12 08:33:27,787 [INFO] command processing is alive.
2026-04-12 08:38:28,171 [INFO] command processing is alive.
2026-04-12 08:42:34,894 [INFO] Refreshing listener credentials
2026-04-12 08:42:34,969 [INFO] Scheduling next credential refresh in 1799.0 seconds
2026-04-12 08:43:28,575 [INFO] command processing is alive.
2026-04-12 08:48:28,945 [INFO] command processing is alive.
2026-04-12 08:53:29,321 [INFO] command processing is alive.
2026-04-12 08:58:29,695 [INFO] command processing is alive.
2026-04-12 09:03:30,076 [INFO] command processing is alive.
2026-04-12 09:08:30,460 [INFO] command processing is alive.
2026-04-12 09:12:33,969 [INFO] Refreshing listener credentials
2026-04-12 09:12:34,040 [INFO] Scheduling next credential refresh in 1799.0 seconds
2026-04-12 09:13:30,846 [INFO] command processing is alive.
2026-04-12 09:18:31,231 [INFO] command processing is alive.
2026-04-12 09:23:31,610 [INFO] command processing is alive.
2026-04-12 09:28:32,009 [INFO] command processing is alive.
2026-04-12 09:33:32,403 [INFO] command processing is alive.
2026-04-12 09:38:32,789 [INFO] command processing is alive.
2026-04-12 09:42:33,040 [INFO] Refreshing listener credentials
2026-04-12 09:42:33,112 [INFO] Scheduling next credential refresh in 1799.0 seconds
2026-04-12 09:43:33,182 [INFO] command processing is alive.
2026-04-12 09:48:33,613 [INFO] command processing is alive.
2026-04-12 09:53:33,995 [INFO] command processing is alive.
2026-04-12 09:58:34,380 [INFO] command processing is alive.
2026-04-12 10:03:34,769 [INFO] command processing is alive.
2026-04-12 10:08:35,174 [INFO] command processing is alive.
2026-04-12 10:12:32,113 [INFO] Refreshing listener credentials
2026-04-12 10:12:32,191 [INFO] Scheduling next credential refresh in 1799.0 seconds
2026-04-12 10:13:35,566 [INFO] command processing is alive.
2026-04-12 10:18:35,960 [INFO] command processing is alive.
2026-04-12 10:23:36,349 [INFO] command processing is alive.
2026-04-12 10:28:36,725 [INFO] command processing is alive.
2026-04-12 10:33:37,115 [INFO] command processing is alive.
2026-04-12 10:38:37,493 [INFO] command processing is alive.
2026-04-12 10:42:31,191 [INFO] Refreshing listener credentials
2026-04-12 10:42:31,269 [INFO] Scheduling next credential refresh in 1799.0 seconds
2026-04-12 10:43:37,868 [INFO] command processing is alive.
2026-04-12 10:48:38,261 [INFO] command processing is alive.
2026-04-12 10:53:38,659 [INFO] command processing is alive.
2026-04-12 10:58:39,075 [INFO] command processing is alive.
2026-04-12 11:03:39,463 [INFO] command processing is alive.
2026-04-12 11:08:39,833 [INFO] command processing is alive.
2026-04-12 11:12:30,270 [INFO] Refreshing listener credentials
2026-04-12 11:12:30,345 [INFO] Scheduling next credential refresh in 1799.0 seconds
2026-04-12 11:13:40,255 [INFO] command processing is alive.
2026-04-12 11:18:40,632 [INFO] command processing is alive.
2026-04-12 11:23:41,019 [INFO] command processing is alive.
2026-04-12 11:28:41,483 [INFO] command processing is alive.
2026-04-12 11:33:41,932 [INFO] command processing is alive.
2026-04-12 11:38:42,446 [INFO] command processing is alive.
2026-04-12 11:42:29,345 [INFO] Refreshing listener credentials
2026-04-12 11:42:29,423 [INFO] Scheduling next credential refresh in 1799.0 seconds
2026-04-12 11:43:42,843 [INFO] command processing is alive.
2026-04-12 11:48:43,242 [INFO] command processing is alive.
2026-04-12 11:53:43,611 [INFO] command processing is alive.
2026-04-12 11:58:43,988 [INFO] command processing is alive.
2026-04-12 12:03:44,389 [INFO] command processing is alive.
2026-04-12 12:08:44,768 [INFO] command processing is alive.
2026-04-12 12:12:28,423 [INFO] Refreshing listener credentials
2026-04-12 12:12:28,514 [INFO] Scheduling next credential refresh in 1799.0 seconds
2026-04-12 12:13:45,159 [INFO] command processing is alive.
2026-04-12 12:18:45,553 [INFO] command processing is alive.
2026-04-12 12:23:45,938 [INFO] command processing is alive.
2026-04-12 12:28:46,318 [INFO] command processing is alive.
2026-04-12 12:33:46,700 [INFO] command processing is alive.
2026-04-12 12:38:47,080 [INFO] command processing is alive.
2026-04-12 12:42:27,515 [INFO] Refreshing listener credentials
2026-04-12 12:42:27,591 [INFO] Scheduling next credential refresh in 1799.0 seconds
2026-04-12 12:43:47,484 [INFO] command processing is alive.
2026-04-12 12:48:47,866 [INFO] command processing is alive.
2026-04-12 12:53:48,243 [INFO] command processing is alive.
2026-04-12 12:58:48,622 [INFO] command processing is alive.
2026-04-12 13:03:49,027 [INFO] command processing is alive.
2026-04-12 13:08:49,414 [INFO] command processing is alive.
2026-04-12 13:12:26,591 [INFO] Refreshing listener credentials
2026-04-12 13:12:26,679 [INFO] Scheduling next credential refresh in 1799.0 seconds
2026-04-12 13:13:49,775 [INFO] command processing is alive.
2026-04-12 13:18:50,159 [INFO] command processing is alive.
2026-04-12 13:23:50,559 [INFO] command processing is alive.
2026-04-12 13:28:50,947 [INFO] command processing is alive.
2026-04-12 13:33:51,333 [INFO] command processing is alive.
2026-04-12 13:38:51,724 [INFO] command processing is alive.
2026-04-12 13:42:25,680 [INFO] Refreshing listener credentials
2026-04-12 13:42:25,753 [INFO] Scheduling next credential refresh in 1799.0 seconds
2026-04-12 13:43:52,093 [INFO] command processing is alive.
2026-04-12 13:48:52,486 [INFO] command processing is alive.
2026-04-12 13:53:52,868 [INFO] command processing is alive.
2026-04-12 13:58:53,268 [INFO] command processing is alive.
2026-04-12 14:03:53,657 [INFO] command processing is alive.
2026-04-12 14:08:54,040 [INFO] command processing is alive.
2026-04-12 14:12:24,754 [INFO] Refreshing listener credentials
2026-04-12 14:12:24,823 [INFO] Scheduling next credential refresh in 1799.0 seconds
2026-04-12 14:13:54,438 [INFO] command processing is alive.
2026-04-12 14:18:54,826 [INFO] command processing is alive.
2026-04-12 14:23:55,233 [INFO] command processing is alive.
2026-04-12 14:28:55,623 [INFO] command processing is alive.
2026-04-12 14:33:55,997 [INFO] command processing is alive.
2026-04-12 14:38:56,415 [INFO] command processing is alive.
2026-04-12 14:42:23,824 [INFO] Refreshing listener credentials
2026-04-12 14:42:23,900 [INFO] Scheduling next credential refresh in 1799.0 seconds
2026-04-12 14:43:56,807 [INFO] command processing is alive.
2026-04-12 14:48:57,191 [INFO] command processing is alive.
2026-04-12 14:53:57,569 [INFO] command processing is alive.
2026-04-12 14:58:57,953 [INFO] command processing is alive.
2026-04-12 15:03:58,327 [INFO] command processing is alive.
2026-04-12 15:08:58,709 [INFO] command processing is alive.
2026-04-12 15:12:22,900 [INFO] Refreshing listener credentials
2026-04-12 15:12:22,973 [INFO] Scheduling next credential refresh in 1799.0 seconds
2026-04-12 15:13:59,094 [INFO] command processing is alive.
2026-04-12 15:18:59,484 [INFO] command processing is alive.
2026-04-12 15:23:59,881 [INFO] command processing is alive.
2026-04-12 15:29:00,325 [INFO] command processing is alive.
2026-04-12 15:34:00,711 [INFO] command processing is alive.
2026-04-12 15:39:01,110 [INFO] command processing is alive.
2026-04-12 15:42:21,974 [INFO] Refreshing listener credentials
2026-04-12 15:42:22,047 [INFO] Scheduling next credential refresh in 1799.0 seconds
2026-04-12 15:44:01,545 [INFO] command processing is alive.
2026-04-12 15:49:01,959 [INFO] command processing is alive.
2026-04-12 15:54:02,431 [INFO] command processing is alive.
2026-04-12 15:59:02,847 [INFO] command processing is alive.
2026-04-12 16:04:03,258 [INFO] command processing is alive.
2026-04-12 16:09:03,656 [INFO] command processing is alive.
2026-04-12 16:12:21,047 [INFO] Refreshing listener credentials
2026-04-12 16:12:21,120 [INFO] Scheduling next credential refresh in 1799.0 seconds
2026-04-12 16:14:04,046 [INFO] command processing is alive.
2026-04-12 16:19:04,431 [INFO] command processing is alive.
2026-04-12 16:24:04,830 [INFO] command processing is alive.
2026-04-12 16:29:05,220 [INFO] command processing is alive.
2026-04-12 16:34:05,600 [INFO] command processing is alive.
2026-04-12 16:39:05,977 [INFO] command processing is alive.
2026-04-12 16:42:20,120 [INFO] Refreshing listener credentials
2026-04-12 16:42:20,206 [INFO] Scheduling next credential refresh in 1799.0 seconds
2026-04-12 16:44:06,358 [INFO] command processing is alive.
2026-04-12 16:49:06,756 [INFO] command processing is alive.
2026-04-12 16:54:07,138 [INFO] command processing is alive.
2026-04-12 16:59:07,504 [INFO] command processing is alive.
2026-04-12 17:04:07,890 [INFO] command processing is alive.
2026-04-12 17:09:08,275 [INFO] command processing is alive.
2026-04-12 17:12:19,206 [INFO] Refreshing listener credentials
2026-04-12 17:12:19,280 [INFO] Scheduling next credential refresh in 1799.0 seconds
2026-04-12 17:14:08,648 [INFO] command processing is alive.
2026-04-12 17:19:09,013 [INFO] command processing is alive.
2026-04-12 17:24:09,388 [INFO] command processing is alive.
2026-04-12 17:29:09,784 [INFO] command processing is alive.
2026-04-12 17:34:10,153 [INFO] command processing is alive.
2026-04-12 17:39:10,536 [INFO] command processing is alive.
2026-04-12 17:42:18,280 [INFO] Refreshing listener credentials
2026-04-12 17:42:18,361 [INFO] Scheduling next credential refresh in 1799.0 seconds
2026-04-12 17:44:10,937 [INFO] command processing is alive.
2026-04-12 17:49:11,322 [INFO] command processing is alive.
2026-04-12 17:54:11,718 [INFO] command processing is alive.
2026-04-12 17:59:12,091 [INFO] command processing is alive.
2026-04-12 18:04:12,474 [INFO] command processing is alive.
2026-04-12 18:09:12,853 [INFO] command processing is alive.
2026-04-12 18:12:17,362 [INFO] Refreshing listener credentials
2026-04-12 18:12:17,463 [INFO] Scheduling next credential refresh in 1799.0 seconds
2026-04-12 18:14:13,246 [INFO] command processing is alive.
2026-04-12 18:19:13,641 [INFO] command processing is alive.
2026-04-12 18:24:14,055 [INFO] command processing is alive.
2026-04-12 18:29:14,452 [INFO] command processing is alive.
2026-04-12 18:34:14,835 [INFO] command processing is alive.
2026-04-12 18:39:15,222 [INFO] command processing is alive.
2026-04-12 18:42:16,464 [INFO] Refreshing listener credentials
2026-04-12 18:42:16,545 [INFO] Scheduling next credential refresh in 1799.0 seconds
2026-04-12 18:44:16,952 [INFO] command processing is alive.
2026-04-12 18:49:17,335 [INFO] command processing is alive.
2026-04-12 18:54:17,706 [INFO] command processing is alive.
2026-04-12 18:59:18,075 [INFO] command processing is alive.
2026-04-12 19:04:18,464 [INFO] command processing is alive.
2026-04-12 19:09:18,864 [INFO] command processing is alive.
2026-04-12 19:12:15,545 [INFO] Refreshing listener credentials
2026-04-12 19:12:15,631 [INFO] Scheduling next credential refresh in 1799.0 seconds
2026-04-12 19:14:19,238 [INFO] command processing is alive.
2026-04-12 19:19:19,620 [INFO] command processing is alive.
2026-04-12 19:24:20,001 [INFO] command processing is alive.
2026-04-12 19:29:20,418 [INFO] command processing is alive.
2026-04-12 19:34:20,803 [INFO] command processing is alive.
2026-04-12 19:39:21,182 [INFO] command processing is alive.
2026-04-12 19:42:14,631 [INFO] Refreshing listener credentials
2026-04-12 19:42:14,701 [INFO] Scheduling next credential refresh in 1799.0 seconds
2026-04-12 19:44:21,603 [INFO] command processing is alive.
2026-04-12 19:49:22,117 [INFO] command processing is alive.
2026-04-12 19:54:22,567 [INFO] command processing is alive.
2026-04-12 19:59:22,969 [INFO] command processing is alive.
2026-04-12 20:04:23,386 [INFO] command processing is alive.
2026-04-12 20:09:23,789 [INFO] command processing is alive.
2026-04-12 20:12:13,701 [INFO] Refreshing listener credentials
2026-04-12 20:12:13,781 [INFO] Scheduling next credential refresh in 1799.0 seconds
2026-04-12 20:14:24,171 [INFO] command processing is alive.
2026-04-12 20:19:24,573 [INFO] command processing is alive.
2026-04-12 20:24:24,986 [INFO] command processing is alive.
2026-04-12 20:29:25,380 [INFO] command processing is alive.
2026-04-12 20:34:25,761 [INFO] command processing is alive.
2026-04-12 20:39:26,168 [INFO] command processing is alive.
2026-04-12 20:42:12,781 [INFO] Refreshing listener credentials
2026-04-12 20:42:12,858 [INFO] Scheduling next credential refresh in 1799.0 seconds
2026-04-12 20:44:26,554 [INFO] command processing is alive.
2026-04-12 20:49:26,925 [INFO] command processing is alive.
2026-04-12 20:54:27,305 [INFO] command processing is alive.
2026-04-12 20:59:27,686 [INFO] command processing is alive.
2026-04-12 21:04:28,072 [INFO] command processing is alive.
2026-04-12 21:09:28,466 [INFO] command processing is alive.
2026-04-12 21:12:11,858 [INFO] Refreshing listener credentials
2026-04-12 21:12:11,936 [INFO] Scheduling next credential refresh in 1799.0 seconds
2026-04-12 21:14:28,846 [INFO] command processing is alive.
2026-04-12 21:19:29,245 [INFO] command processing is alive.
2026-04-12 21:24:29,666 [INFO] command processing is alive.
2026-04-12 21:29:30,035 [INFO] command processing is alive.
2026-04-12 21:34:30,417 [INFO] command processing is alive.
2026-04-12 21:39:30,801 [INFO] command processing is alive.
2026-04-12 21:42:10,937 [INFO] Refreshing listener credentials
2026-04-12 21:42:11,012 [INFO] Scheduling next credential refresh in 1799.0 seconds
2026-04-12 21:44:31,195 [INFO] command processing is alive.
2026-04-12 21:49:31,578 [INFO] command processing is alive.
2026-04-12 21:54:31,986 [INFO] command processing is alive.
2026-04-12 21:59:32,370 [INFO] command processing is alive.
2026-04-12 22:04:32,752 [INFO] command processing is alive.
2026-04-12 22:09:33,159 [INFO] command processing is alive.
2026-04-12 22:12:10,013 [INFO] Refreshing listener credentials
2026-04-12 22:12:10,097 [INFO] Scheduling next credential refresh in 1799.0 seconds
2026-04-12 22:14:33,555 [INFO] command processing is alive.
2026-04-12 22:19:33,971 [INFO] command processing is alive.
2026-04-12 22:24:34,356 [INFO] command processing is alive.
2026-04-12 22:29:34,770 [INFO] command processing is alive.
2026-04-12 22:34:35,183 [INFO] command processing is alive.
2026-04-12 22:39:35,581 [INFO] command processing is alive.
2026-04-12 22:42:09,097 [INFO] Refreshing listener credentials
2026-04-12 22:42:09,179 [INFO] Scheduling next credential refresh in 1799.0 seconds
2026-04-12 22:44:35,983 [INFO] command processing is alive.
2026-04-12 22:49:36,351 [INFO] command processing is alive.
2026-04-12 22:54:36,745 [INFO] command processing is alive.
2026-04-12 22:59:37,128 [INFO] command processing is alive.
2026-04-12 23:04:37,528 [INFO] command processing is alive.
2026-04-12 23:09:37,940 [INFO] command processing is alive.
2026-04-12 23:12:08,179 [INFO] Refreshing listener credentials
2026-04-12 23:12:08,249 [INFO] Scheduling next credential refresh in 1799.0 seconds
2026-04-12 23:14:38,317 [INFO] command processing is alive.
2026-04-12 23:19:38,702 [INFO] command processing is alive.
2026-04-12 23:24:39,073 [INFO] command processing is alive.
2026-04-12 23:29:39,454 [INFO] command processing is alive.
2026-04-12 23:34:39,825 [INFO] command processing is alive.
2026-04-12 23:39:40,286 [INFO] command processing is alive.
2026-04-12 23:42:07,249 [INFO] Refreshing listener credentials
2026-04-12 23:42:07,320 [INFO] Scheduling next credential refresh in 1799.0 seconds
2026-04-12 23:44:40,665 [INFO] command processing is alive.
2026-04-12 23:49:41,041 [INFO] command processing is alive.
2026-04-12 23:54:41,490 [INFO] command processing is alive.
2026-04-12 23:59:41,908 [INFO] command processing is alive.
2026-04-13 00:04:42,357 [INFO] command processing is alive.
2026-04-13 00:09:42,746 [INFO] command processing is alive.
2026-04-13 00:12:06,320 [INFO] Refreshing listener credentials
2026-04-13 00:12:06,392 [INFO] Scheduling next credential refresh in 1799.0 seconds
2026-04-13 00:14:43,130 [INFO] command processing is alive.
2026-04-13 00:19:43,519 [INFO] command processing is alive.
2026-04-13 00:24:44,143 [INFO] command processing is alive.
2026-04-13 00:29:44,537 [INFO] command processing is alive.
2026-04-13 00:34:45,817 [INFO] command processing is alive.
2026-04-13 00:39:46,244 [INFO] command processing is alive.
2026-04-13 00:42:05,393 [INFO] Refreshing listener credentials
2026-04-13 00:42:05,467 [INFO] Scheduling next credential refresh in 1799.0 seconds
2026-04-13 00:44:46,620 [INFO] command processing is alive.
2026-04-13 00:49:46,989 [INFO] command processing is alive.
2026-04-13 00:54:47,409 [INFO] command processing is alive.
2026-04-13 00:59:47,796 [INFO] command processing is alive.
2026-04-13 01:04:48,196 [INFO] command processing is alive.
2026-04-13 01:09:48,593 [INFO] command processing is alive.
2026-04-13 01:12:04,468 [INFO] Refreshing listener credentials
2026-04-13 01:12:04,546 [INFO] Scheduling next credential refresh in 1799.0 seconds
2026-04-13 01:14:49,000 [INFO] command processing is alive.
2026-04-13 01:19:49,386 [INFO] command processing is alive.
2026-04-13 01:24:49,766 [INFO] command processing is alive.
2026-04-13 01:29:50,137 [INFO] command processing is alive.
2026-04-13 01:34:50,506 [INFO] command processing is alive.
2026-04-13 01:39:50,882 [INFO] command processing is alive.
2026-04-13 01:42:03,547 [INFO] Refreshing listener credentials
2026-04-13 01:42:03,637 [INFO] Scheduling next credential refresh in 1799.0 seconds
2026-04-13 01:44:51,281 [INFO] command processing is alive.
2026-04-13 01:49:51,674 [INFO] command processing is alive.
2026-04-13 01:54:52,093 [INFO] command processing is alive.
2026-04-13 01:59:52,487 [INFO] command processing is alive.
2026-04-13 02:04:52,879 [INFO] command processing is alive.
2026-04-13 02:09:53,262 [INFO] command processing is alive.
2026-04-13 02:12:02,638 [INFO] Refreshing listener credentials
2026-04-13 02:12:02,709 [INFO] Scheduling next credential refresh in 1799.0 seconds
2026-04-13 02:14:53,645 [INFO] command processing is alive.
2026-04-13 02:19:54,046 [INFO] command processing is alive.
2026-04-13 02:24:54,434 [INFO] command processing is alive.
2026-04-13 02:29:54,821 [INFO] command processing is alive.
2026-04-13 02:34:55,250 [INFO] command processing is alive.
2026-04-13 02:39:55,635 [INFO] command processing is alive.
2026-04-13 02:42:01,709 [INFO] Refreshing listener credentials
2026-04-13 02:42:01,846 [INFO] Scheduling next credential refresh in 1799.0 seconds
2026-04-13 02:44:56,028 [INFO] command processing is alive.
2026-04-13 02:49:56,450 [INFO] command processing is alive.
2026-04-13 02:54:56,824 [INFO] command processing is alive.
2026-04-13 02:59:57,211 [INFO] command processing is alive.
2026-04-13 03:04:57,606 [INFO] command processing is alive.
2026-04-13 03:09:57,998 [INFO] command processing is alive.
2026-04-13 03:12:00,847 [INFO] Refreshing listener credentials
2026-04-13 03:12:00,922 [INFO] Scheduling next credential refresh in 1799.0 seconds
2026-04-13 03:14:58,422 [INFO] command processing is alive.
2026-04-13 03:19:58,797 [INFO] command processing is alive.
2026-04-13 03:24:59,190 [INFO] command processing is alive.
2026-04-13 03:29:59,572 [INFO] command processing is alive.
2026-04-13 03:34:59,956 [INFO] command processing is alive.
2026-04-13 03:40:00,358 [INFO] command processing is alive.
2026-04-13 03:41:59,922 [INFO] Refreshing listener credentials
2026-04-13 03:42:00,019 [INFO] Scheduling next credential refresh in 1799.0 seconds
2026-04-13 03:45:00,737 [INFO] command processing is alive.
2026-04-13 03:50:01,120 [INFO] command processing is alive.
2026-04-13 03:55:01,521 [INFO] command processing is alive.
2026-04-13 04:00:01,992 [INFO] command processing is alive.
2026-04-13 04:05:02,508 [INFO] command processing is alive.
2026-04-13 04:10:02,900 [INFO] command processing is alive.
2026-04-13 04:11:59,020 [INFO] Refreshing listener credentials
2026-04-13 04:11:59,098 [INFO] Scheduling next credential refresh in 1799.0 seconds
2026-04-13 04:15:03,278 [INFO] command processing is alive.
2026-04-13 04:20:03,663 [INFO] command processing is alive.
2026-04-13 04:25:04,038 [INFO] command processing is alive.
2026-04-13 04:30:04,433 [INFO] command processing is alive.
2026-04-13 04:35:04,809 [INFO] command processing is alive.
2026-04-13 04:40:05,189 [INFO] command processing is alive.
2026-04-13 04:41:58,098 [INFO] Refreshing listener credentials
2026-04-13 04:41:58,175 [INFO] Scheduling next credential refresh in 1799.0 seconds
2026-04-13 04:45:05,573 [INFO] command processing is alive.
2026-04-13 04:50:05,967 [INFO] command processing is alive.
2026-04-13 04:55:06,343 [INFO] command processing is alive.
2026-04-13 05:00:06,733 [INFO] command processing is alive.
2026-04-13 05:05:07,139 [INFO] command processing is alive.
2026-04-13 05:10:07,537 [INFO] command processing is alive.
2026-04-13 05:11:57,175 [INFO] Refreshing listener credentials
2026-04-13 05:11:57,254 [INFO] Scheduling next credential refresh in 1799.0 seconds
2026-04-13 05:15:07,929 [INFO] command processing is alive.
2026-04-13 05:20:08,327 [INFO] command processing is alive.
2026-04-13 05:25:08,714 [INFO] command processing is alive.
2026-04-13 05:30:09,127 [INFO] command processing is alive.
2026-04-13 05:35:09,509 [INFO] command processing is alive.
2026-04-13 05:40:09,891 [INFO] command processing is alive.
2026-04-13 05:41:56,254 [INFO] Refreshing listener credentials
2026-04-13 05:41:56,339 [INFO] Scheduling next credential refresh in 1799.0 seconds
2026-04-13 05:45:10,285 [INFO] command processing is alive.
2026-04-13 05:50:10,661 [INFO] command processing is alive.
2026-04-13 05:55:11,050 [INFO] command processing is alive.
2026-04-13 06:00:11,465 [INFO] command processing is alive.
2026-04-13 06:05:11,900 [INFO] command processing is alive.
2026-04-13 06:10:12,301 [INFO] command processing is alive.
2026-04-13 06:11:55,339 [INFO] Refreshing listener credentials
2026-04-13 06:11:55,420 [INFO] Scheduling next credential refresh in 1799.0 seconds
2026-04-13 06:15:12,683 [INFO] command processing is alive.
2026-04-13 06:20:13,092 [INFO] command processing is alive.
2026-04-13 06:25:13,503 [INFO] command processing is alive.
2026-04-13 06:30:13,905 [INFO] command processing is alive.
2026-04-13 06:35:14,299 [INFO] command processing is alive.
2026-04-13 06:40:14,685 [INFO] command processing is alive.
2026-04-13 06:41:54,420 [INFO] Refreshing listener credentials
2026-04-13 06:41:54,500 [INFO] Scheduling next credential refresh in 1799.0 seconds
2026-04-13 06:45:15,081 [INFO] command processing is alive.
2026-04-13 06:50:15,464 [INFO] command processing is alive.
2026-04-13 06:55:15,852 [INFO] command processing is alive.
2026-04-13 07:00:16,262 [INFO] command processing is alive.
2026-04-13 07:05:16,643 [INFO] command processing is alive.
2026-04-13 07:10:17,042 [INFO] command processing is alive.
2026-04-13 07:11:53,500 [INFO] Refreshing listener credentials
2026-04-13 07:11:53,594 [INFO] Scheduling next credential refresh in 1799.0 seconds
2026-04-13 07:15:17,448 [INFO] command processing is alive.
2026-04-13 07:20:17,851 [INFO] command processing is alive.
2026-04-13 07:25:18,234 [INFO] command processing is alive.
2026-04-13 07:30:18,625 [INFO] command processing is alive.
2026-04-13 07:35:19,005 [INFO] command processing is alive.
2026-04-13 07:40:19,386 [INFO] command processing is alive.
2026-04-13 07:41:52,595 [INFO] Refreshing listener credentials
2026-04-13 07:41:52,703 [INFO] Scheduling next credential refresh in 1799.0 seconds
2026-04-13 07:45:19,776 [INFO] command processing is alive.
2026-04-13 07:50:20,190 [INFO] command processing is alive.
2026-04-13 07:55:20,581 [INFO] command processing is alive.
2026-04-13 08:00:20,976 [INFO] command processing is alive.
2026-04-13 08:05:21,407 [INFO] command processing is alive.
2026-04-13 08:10:21,854 [INFO] command processing is alive.
2026-04-13 08:11:51,703 [INFO] Refreshing listener credentials
2026-04-13 08:11:51,787 [INFO] Scheduling next credential refresh in 1799.0 seconds
2026-04-13 08:15:22,446 [INFO] command processing is alive.
2026-04-13 08:20:22,873 [INFO] command processing is alive.
2026-04-13 08:25:23,259 [INFO] command processing is alive.
2026-04-13 08:30:23,638 [INFO] command processing is alive.
2026-04-13 08:35:24,032 [INFO] command processing is alive.
2026-04-13 08:40:24,404 [INFO] command processing is alive.
2026-04-13 08:41:50,787 [INFO] Refreshing listener credentials
2026-04-13 08:41:50,879 [INFO] Scheduling next credential refresh in 1799.0 seconds
2026-04-13 08:45:24,783 [INFO] command processing is alive.
2026-04-13 08:50:25,186 [INFO] command processing is alive.
2026-04-13 08:55:25,563 [INFO] command processing is alive.
2026-04-13 09:00:25,954 [INFO] command processing is alive.
2026-04-13 09:05:26,333 [INFO] command processing is alive.
2026-04-13 09:10:26,749 [INFO] command processing is alive.
2026-04-13 09:11:49,879 [INFO] Refreshing listener credentials
2026-04-13 09:11:49,958 [INFO] Scheduling next credential refresh in 1799.0 seconds
2026-04-13 09:15:27,134 [INFO] command processing is alive.
2026-04-13 09:20:27,528 [INFO] command processing is alive.
2026-04-13 09:25:27,896 [INFO] command processing is alive.
2026-04-13 09:30:28,283 [INFO] command processing is alive.
2026-04-13 09:35:28,677 [INFO] command processing is alive.
2026-04-13 09:40:29,056 [INFO] command processing is alive.
2026-04-13 09:41:48,958 [INFO] Refreshing listener credentials
2026-04-13 09:41:49,045 [INFO] Scheduling next credential refresh in 1799.0 seconds
2026-04-13 09:45:29,433 [INFO] command processing is alive.
2026-04-13 09:50:29,837 [INFO] command processing is alive.
2026-04-13 09:55:30,238 [INFO] command processing is alive.
2026-04-13 10:00:30,611 [INFO] command processing is alive.
2026-04-13 10:05:31,022 [INFO] command processing is alive.
2026-04-13 10:10:31,401 [INFO] command processing is alive.
2026-04-13 10:11:48,045 [INFO] Refreshing listener credentials
2026-04-13 10:11:48,138 [INFO] Scheduling next credential refresh in 1799.0 seconds
2026-04-13 10:15:31,801 [INFO] command processing is alive.
2026-04-13 10:20:32,189 [INFO] command processing is alive.
2026-04-13 10:25:32,596 [INFO] command processing is alive.
2026-04-13 10:30:32,982 [INFO] command processing is alive.
2026-04-13 10:35:33,418 [INFO] command processing is alive.
2026-04-13 10:40:33,820 [INFO] command processing is alive.
2026-04-13 10:41:47,138 [INFO] Refreshing listener credentials
2026-04-13 10:41:47,237 [INFO] Scheduling next credential refresh in 1799.0 seconds
2026-04-13 10:45:34,196 [INFO] command processing is alive.
2026-04-13 10:50:34,609 [INFO] command processing is alive.
2026-04-13 10:55:35,037 [INFO] command processing is alive.
2026-04-13 11:00:35,422 [INFO] command processing is alive.
2026-04-13 11:05:35,819 [INFO] command processing is alive.
2026-04-13 11:10:36,254 [INFO] command processing is alive.
2026-04-13 11:11:46,237 [INFO] Refreshing listener credentials
2026-04-13 11:11:46,326 [INFO] Scheduling next credential refresh in 1799.0 seconds
2026-04-13 11:15:36,638 [INFO] command processing is alive.
2026-04-13 11:20:37,031 [INFO] command processing is alive.
2026-04-13 11:25:37,434 [INFO] command processing is alive.
2026-04-13 11:30:37,818 [INFO] command processing is alive.
2026-04-13 11:35:38,206 [INFO] command processing is alive.
2026-04-13 11:40:38,608 [INFO] command processing is alive.
2026-04-13 11:41:45,327 [INFO] Refreshing listener credentials
2026-04-13 11:41:45,411 [INFO] Scheduling next credential refresh in 1799.0 seconds
2026-04-13 11:45:38,984 [INFO] command processing is alive.
2026-04-13 11:50:39,372 [INFO] command processing is alive.
2026-04-13 11:55:39,773 [INFO] command processing is alive.
2026-04-13 12:00:40,223 [INFO] command processing is alive.
2026-04-13 12:05:40,635 [INFO] command processing is alive.
2026-04-13 12:10:41,033 [INFO] command processing is alive.
2026-04-13 12:11:44,412 [INFO] Refreshing listener credentials
2026-04-13 12:11:44,496 [INFO] Scheduling next credential refresh in 1799.0 seconds
2026-04-13 12:15:41,462 [INFO] command processing is alive.
2026-04-13 12:20:41,931 [INFO] command processing is alive.
2026-04-13 12:25:42,409 [INFO] command processing is alive.
2026-04-13 12:30:42,792 [INFO] command processing is alive.
2026-04-13 12:35:43,189 [INFO] command processing is alive.
2026-04-13 12:40:43,583 [INFO] command processing is alive.
2026-04-13 12:41:43,497 [INFO] Refreshing listener credentials
2026-04-13 12:41:43,571 [INFO] Scheduling next credential refresh in 1799.0 seconds
2026-04-13 12:45:43,978 [INFO] command processing is alive.
2026-04-13 12:50:44,376 [INFO] command processing is alive.
2026-04-13 12:55:44,749 [INFO] command processing is alive.
2026-04-13 13:00:45,132 [INFO] command processing is alive.
2026-04-13 13:05:45,522 [INFO] command processing is alive.
2026-04-13 13:10:45,916 [INFO] command processing is alive.
2026-04-13 13:11:42,571 [INFO] Refreshing listener credentials
2026-04-13 13:11:42,661 [INFO] Scheduling next credential refresh in 1799.0 seconds
2026-04-13 13:15:46,305 [INFO] command processing is alive.
2026-04-13 13:20:46,691 [INFO] command processing is alive.
2026-04-13 13:25:47,083 [INFO] command processing is alive.
2026-04-13 13:30:47,494 [INFO] command processing is alive.
2026-04-13 13:35:47,882 [INFO] command processing is alive.
2026-04-13 13:40:48,281 [INFO] command processing is alive.
2026-04-13 13:41:41,662 [INFO] Refreshing listener credentials
2026-04-13 13:41:41,742 [INFO] Scheduling next credential refresh in 1799.0 seconds
2026-04-13 13:45:48,677 [INFO] command processing is alive.
2026-04-13 13:50:49,094 [INFO] command processing is alive.
2026-04-13 13:55:49,472 [INFO] command processing is alive.
2026-04-13 14:00:49,860 [INFO] command processing is alive.
2026-04-13 14:05:50,234 [INFO] command processing is alive.
2026-04-13 14:10:50,618 [INFO] command processing is alive.
2026-04-13 14:11:40,742 [INFO] Refreshing listener credentials
2026-04-13 14:11:40,841 [INFO] Scheduling next credential refresh in 1799.0 seconds
2026-04-13 14:15:51,033 [INFO] command processing is alive.
2026-04-13 14:20:51,447 [INFO] command processing is alive.
2026-04-13 14:25:51,838 [INFO] command processing is alive.
2026-04-13 14:30:52,238 [INFO] command processing is alive.
2026-04-13 14:35:52,622 [INFO] command processing is alive.
2026-04-13 14:40:53,015 [INFO] command processing is alive.
2026-04-13 14:41:39,842 [INFO] Refreshing listener credentials
2026-04-13 14:41:39,921 [INFO] Scheduling next credential refresh in 1799.0 seconds
2026-04-13 14:45:53,402 [INFO] command processing is alive.
2026-04-13 14:50:53,816 [INFO] command processing is alive.
2026-04-13 14:55:54,215 [INFO] command processing is alive.
2026-04-13 15:00:54,588 [INFO] command processing is alive.
2026-04-13 15:05:54,981 [INFO] command processing is alive.
2026-04-13 15:10:55,378 [INFO] command processing is alive.
2026-04-13 15:11:38,921 [INFO] Refreshing listener credentials
2026-04-13 15:11:39,000 [INFO] Scheduling next credential refresh in 1799.0 seconds
2026-04-13 15:15:55,760 [INFO] command processing is alive.
2026-04-13 15:20:56,162 [INFO] command processing is alive.
2026-04-13 15:25:56,564 [INFO] command processing is alive.
2026-04-13 15:30:56,938 [INFO] command processing is alive.
2026-04-13 15:35:57,347 [INFO] command processing is alive.
2026-04-13 15:40:57,755 [INFO] command processing is alive.
2026-04-13 15:41:38,001 [INFO] Refreshing listener credentials
2026-04-13 15:41:38,079 [INFO] Scheduling next credential refresh in 1799.0 seconds
2026-04-13 15:45:58,143 [INFO] command processing is alive.
2026-04-13 15:50:58,537 [INFO] command processing is alive.
2026-04-13 15:55:58,910 [INFO] command processing is alive.
2026-04-13 16:00:59,294 [INFO] command processing is alive.
2026-04-13 16:05:59,674 [INFO] command processing is alive.
2026-04-13 16:11:00,055 [INFO] command processing is alive.
2026-04-13 16:11:37,079 [INFO] Refreshing listener credentials
2026-04-13 16:11:37,166 [INFO] Scheduling next credential refresh in 1799.0 seconds
2026-04-13 16:16:00,485 [INFO] command processing is alive.
2026-04-13 16:21:00,864 [INFO] command processing is alive.
2026-04-13 16:26:01,286 [INFO] command processing is alive.
2026-04-13 16:31:01,812 [INFO] command processing is alive.
2026-04-13 16:36:02,270 [INFO] command processing is alive.
2026-04-13 16:41:02,676 [INFO] command processing is alive.
2026-04-13 16:41:36,166 [INFO] Refreshing listener credentials
2026-04-13 16:41:36,245 [INFO] Scheduling next credential refresh in 1799.0 seconds
2026-04-13 16:46:03,077 [INFO] command processing is alive.
2026-04-13 16:51:03,472 [INFO] command processing is alive.
2026-04-13 16:56:03,864 [INFO] command processing is alive.
2026-04-13 17:01:04,286 [INFO] command processing is alive.
2026-04-13 17:06:04,700 [INFO] command processing is alive.
2026-04-13 17:11:05,141 [INFO] command processing is alive.
2026-04-13 17:11:35,246 [INFO] Refreshing listener credentials
2026-04-13 17:11:35,318 [INFO] Scheduling next credential refresh in 1799.0 seconds
2026-04-13 17:16:05,542 [INFO] command processing is alive.
2026-04-13 17:21:06,177 [INFO] command processing is alive.
2026-04-13 17:26:06,567 [INFO] command processing is alive.
2026-04-13 17:31:06,948 [INFO] command processing is alive.
2026-04-13 17:36:07,337 [INFO] command processing is alive.
2026-04-13 17:41:07,748 [INFO] command processing is alive.
2026-04-13 17:41:34,318 [INFO] Refreshing listener credentials
2026-04-13 17:41:34,391 [INFO] Scheduling next credential refresh in 1799.0 seconds
2026-04-13 17:46:08,131 [INFO] command processing is alive.
2026-04-13 17:51:08,517 [INFO] command processing is alive.
2026-04-13 17:56:08,912 [INFO] command processing is alive.
2026-04-13 18:01:09,295 [INFO] command processing is alive.
2026-04-13 18:06:09,670 [INFO] command processing is alive.
2026-04-13 18:11:10,047 [INFO] command processing is alive.
2026-04-13 18:11:33,391 [INFO] Refreshing listener credentials
2026-04-13 18:11:33,464 [INFO] Scheduling next credential refresh in 1799.0 seconds
2026-04-13 18:16:10,431 [INFO] command processing is alive.
2026-04-13 18:21:10,817 [INFO] command processing is alive.
2026-04-13 18:26:11,206 [INFO] command processing is alive.
2026-04-13 18:31:11,608 [INFO] command processing is alive.
2026-04-13 18:36:12,006 [INFO] command processing is alive.
2026-04-13 18:41:12,399 [INFO] command processing is alive.
2026-04-13 18:41:32,464 [INFO] Refreshing listener credentials
2026-04-13 18:41:32,541 [INFO] Scheduling next credential refresh in 1799.0 seconds
2026-04-13 18:46:12,796 [INFO] command processing is alive.
2026-04-13 18:51:13,183 [INFO] command processing is alive.
2026-04-13 18:56:13,583 [INFO] command processing is alive.
2026-04-13 19:01:13,987 [INFO] command processing is alive.
2026-04-13 19:06:14,404 [INFO] command processing is alive.
2026-04-13 19:11:14,802 [INFO] command processing is alive.
2026-04-13 19:11:31,541 [INFO] Refreshing listener credentials
2026-04-13 19:11:31,619 [INFO] Scheduling next credential refresh in 1799.0 seconds
2026-04-13 19:16:15,173 [INFO] command processing is alive.
2026-04-13 19:21:15,568 [INFO] command processing is alive.
2026-04-13 19:26:15,944 [INFO] command processing is alive.
2026-04-13 19:31:16,330 [INFO] command processing is alive.
2026-04-13 19:36:16,724 [INFO] command processing is alive.
2026-04-13 19:41:18,195 [INFO] command processing is alive.
2026-04-13 19:41:30,620 [INFO] Refreshing listener credentials
2026-04-13 19:41:30,702 [INFO] Scheduling next credential refresh in 1799.0 seconds
2026-04-13 19:46:18,587 [INFO] command processing is alive.
2026-04-13 19:51:18,971 [INFO] command processing is alive.
2026-04-13 19:56:19,338 [INFO] command processing is alive.
2026-04-13 20:01:19,714 [INFO] command processing is alive.
2026-04-13 20:06:20,126 [INFO] command processing is alive.
2026-04-13 20:11:20,518 [INFO] command processing is alive.
2026-04-13 20:11:29,702 [INFO] Refreshing listener credentials
2026-04-13 20:11:29,769 [INFO] Scheduling next credential refresh in 1799.0 seconds
2026-04-13 20:16:20,902 [INFO] command processing is alive.
2026-04-13 20:21:21,357 [INFO] command processing is alive.
2026-04-13 20:26:21,793 [INFO] command processing is alive.
2026-04-13 20:31:22,241 [INFO] command processing is alive.
2026-04-13 20:36:22,655 [INFO] command processing is alive.
2026-04-13 20:41:23,031 [INFO] command processing is alive.
2026-04-13 20:41:28,770 [INFO] Refreshing listener credentials
2026-04-13 20:41:28,838 [INFO] Scheduling next credential refresh in 1799.0 seconds
2026-04-13 20:46:23,418 [INFO] command processing is alive.
2026-04-13 20:51:23,793 [INFO] command processing is alive.
2026-04-13 20:56:24,177 [INFO] command processing is alive.
2026-04-13 21:01:24,586 [INFO] command processing is alive.
2026-04-13 21:06:24,997 [INFO] command processing is alive.
2026-04-13 21:11:25,384 [INFO] command processing is alive.
2026-04-13 21:11:27,839 [INFO] Refreshing listener credentials
2026-04-13 21:11:27,905 [INFO] Scheduling next credential refresh in 1799.0 seconds
2026-04-13 21:16:25,782 [INFO] command processing is alive.
2026-04-13 21:21:26,174 [INFO] command processing is alive.
2026-04-13 21:26:26,559 [INFO] command processing is alive.
2026-04-13 21:31:26,943 [INFO] command processing is alive.
2026-04-13 21:36:27,327 [INFO] command processing is alive.
2026-04-13 21:41:26,906 [INFO] Refreshing listener credentials
2026-04-13 21:41:26,996 [INFO] Scheduling next credential refresh in 1799.0 seconds
2026-04-13 21:41:27,720 [INFO] command processing is alive.
2026-04-13 21:46:28,100 [INFO] command processing is alive.
2026-04-13 21:51:28,489 [INFO] command processing is alive.
2026-04-13 21:56:28,863 [INFO] command processing is alive.
2026-04-13 22:01:29,258 [INFO] command processing is alive.
2026-04-13 22:06:29,651 [INFO] command processing is alive.
2026-04-13 22:11:25,997 [INFO] Refreshing listener credentials
2026-04-13 22:11:26,074 [INFO] Scheduling next credential refresh in 1799.0 seconds
2026-04-13 22:11:30,023 [INFO] command processing is alive.
2026-04-13 22:16:30,415 [INFO] command processing is alive.
2026-04-13 22:21:30,803 [INFO] command processing is alive.
2026-04-13 22:26:31,184 [INFO] command processing is alive.
2026-04-13 22:31:31,564 [INFO] command processing is alive.
2026-04-13 22:36:31,946 [INFO] command processing is alive.
2026-04-13 22:41:25,075 [INFO] Refreshing listener credentials
2026-04-13 22:41:25,154 [INFO] Scheduling next credential refresh in 1799.0 seconds
2026-04-13 22:41:32,334 [INFO] command processing is alive.
2026-04-13 22:46:32,738 [INFO] command processing is alive.
2026-04-13 22:51:33,138 [INFO] command processing is alive.
2026-04-13 22:56:33,529 [INFO] command processing is alive.
2026-04-13 23:01:33,914 [INFO] command processing is alive.
2026-04-13 23:06:34,303 [INFO] command processing is alive.
2026-04-13 23:11:24,155 [INFO] Refreshing listener credentials
2026-04-13 23:11:24,232 [INFO] Scheduling next credential refresh in 1799.0 seconds
2026-04-13 23:11:34,692 [INFO] command processing is alive.
2026-04-13 23:16:35,078 [INFO] command processing is alive.
2026-04-13 23:21:35,458 [INFO] command processing is alive.
2026-04-13 23:26:35,835 [INFO] command processing is alive.
2026-04-13 23:31:36,217 [INFO] command processing is alive.
2026-04-13 23:36:36,640 [INFO] command processing is alive.
2026-04-13 23:41:23,233 [INFO] Refreshing listener credentials
2026-04-13 23:41:23,315 [INFO] Scheduling next credential refresh in 1799.0 seconds
2026-04-13 23:41:37,025 [INFO] command processing is alive.
2026-04-13 23:46:37,413 [INFO] command processing is alive.
2026-04-13 23:51:37,807 [INFO] command processing is alive.
2026-04-13 23:56:38,181 [INFO] command processing is alive.
2026-04-14 00:01:38,572 [INFO] command processing is alive.
2026-04-14 00:06:38,957 [INFO] command processing is alive.
2026-04-14 00:11:22,315 [INFO] Refreshing listener credentials
2026-04-14 00:11:22,393 [INFO] Scheduling next credential refresh in 1799.0 seconds
2026-04-14 00:11:39,327 [INFO] command processing is alive.
2026-04-14 00:16:39,702 [INFO] command processing is alive.
2026-04-14 00:21:40,112 [INFO] command processing is alive.
2026-04-14 00:26:40,523 [INFO] command processing is alive.
2026-04-14 00:31:40,922 [INFO] command processing is alive.
2026-04-14 00:36:41,328 [INFO] command processing is alive.
2026-04-14 00:41:21,393 [INFO] Refreshing listener credentials
2026-04-14 00:41:21,472 [INFO] Scheduling next credential refresh in 1799.0 seconds
2026-04-14 00:41:41,798 [INFO] command processing is alive.
2026-04-14 00:46:42,299 [INFO] command processing is alive.
2026-04-14 00:51:42,712 [INFO] command processing is alive.
2026-04-14 00:56:43,098 [INFO] command processing is alive.
2026-04-14 01:01:43,493 [INFO] command processing is alive.
2026-04-14 01:06:43,870 [INFO] command processing is alive.
2026-04-14 01:11:20,473 [INFO] Refreshing listener credentials
2026-04-14 01:11:20,555 [INFO] Scheduling next credential refresh in 1799.0 seconds
2026-04-14 01:11:44,257 [INFO] command processing is alive.
2026-04-14 01:16:44,638 [INFO] command processing is alive.
2026-04-14 01:21:45,000 [INFO] command processing is alive.
2026-04-14 01:26:45,380 [INFO] command processing is alive.
2026-04-14 01:31:45,758 [INFO] command processing is alive.
2026-04-14 01:36:46,157 [INFO] command processing is alive.
2026-04-14 01:41:19,555 [INFO] Refreshing listener credentials
2026-04-14 01:41:19,632 [INFO] Scheduling next credential refresh in 1799.0 seconds
2026-04-14 01:41:46,543 [INFO] command processing is alive.
2026-04-14 01:46:46,907 [INFO] command processing is alive.
2026-04-14 01:51:47,277 [INFO] command processing is alive.
2026-04-14 01:56:47,694 [INFO] command processing is alive.
2026-04-14 02:01:48,101 [INFO] command processing is alive.
2026-04-14 02:06:48,480 [INFO] command processing is alive.
2026-04-14 02:11:18,632 [INFO] Refreshing listener credentials
2026-04-14 02:11:18,716 [INFO] Scheduling next credential refresh in 1799.0 seconds
2026-04-14 02:11:48,893 [INFO] command processing is alive.
2026-04-14 02:16:49,287 [INFO] command processing is alive.
2026-04-14 02:21:49,667 [INFO] command processing is alive.
2026-04-14 02:26:50,053 [INFO] command processing is alive.
2026-04-14 02:31:50,431 [INFO] command processing is alive.
2026-04-14 02:36:50,810 [INFO] command processing is alive.
2026-04-14 02:41:17,717 [INFO] Refreshing listener credentials
2026-04-14 02:41:17,794 [INFO] Scheduling next credential refresh in 1799.0 seconds
2026-04-14 02:41:51,211 [INFO] command processing is alive.
2026-04-14 02:46:51,623 [INFO] command processing is alive.
2026-04-14 02:51:52,011 [INFO] command processing is alive.
2026-04-14 02:56:52,393 [INFO] command processing is alive.
2026-04-14 03:01:52,778 [INFO] command processing is alive.
2026-04-14 03:06:53,165 [INFO] command processing is alive.
2026-04-14 03:11:16,794 [INFO] Refreshing listener credentials
2026-04-14 03:11:16,869 [INFO] Scheduling next credential refresh in 1799.0 seconds
2026-04-14 03:11:53,558 [INFO] command processing is alive.
2026-04-14 03:16:53,931 [INFO] command processing is alive.
2026-04-14 03:21:54,305 [INFO] command processing is alive.
2026-04-14 03:26:54,702 [INFO] command processing is alive.
2026-04-14 03:31:55,126 [INFO] command processing is alive.
2026-04-14 03:36:55,519 [INFO] command processing is alive.
2026-04-14 03:41:15,870 [INFO] Refreshing listener credentials
2026-04-14 03:41:15,955 [INFO] Scheduling next credential refresh in 1799.0 seconds
2026-04-14 03:41:55,930 [INFO] command processing is alive.
2026-04-14 03:46:56,342 [INFO] command processing is alive.
2026-04-14 03:51:56,725 [INFO] command processing is alive.
2026-04-14 03:56:57,132 [INFO] command processing is alive.
2026-04-14 04:01:57,530 [INFO] command processing is alive.
2026-04-14 04:06:57,917 [INFO] command processing is alive.
2026-04-14 04:11:14,955 [INFO] Refreshing listener credentials
2026-04-14 04:11:15,040 [INFO] Scheduling next credential refresh in 1799.0 seconds
2026-04-14 04:11:58,309 [INFO] command processing is alive.
2026-04-14 04:16:58,686 [INFO] command processing is alive.
2026-04-14 04:21:59,069 [INFO] command processing is alive.
2026-04-14 04:26:59,474 [INFO] command processing is alive.
2026-04-14 04:31:59,851 [INFO] command processing is alive.
2026-04-14 04:37:00,298 [INFO] command processing is alive.
2026-04-14 04:41:14,041 [INFO] Refreshing listener credentials
2026-04-14 04:41:14,118 [INFO] Scheduling next credential refresh in 1799.0 seconds
2026-04-14 04:42:00,677 [INFO] command processing is alive.
2026-04-14 04:47:01,058 [INFO] command processing is alive.
2026-04-14 04:52:01,488 [INFO] command processing is alive.
2026-04-14 04:57:02,016 [INFO] command processing is alive.
2026-04-14 05:02:02,442 [INFO] command processing is alive.
2026-04-14 05:07:02,840 [INFO] command processing is alive.
2026-04-14 05:11:13,119 [INFO] Refreshing listener credentials
2026-04-14 05:11:13,207 [INFO] Scheduling next credential refresh in 1799.0 seconds
2026-04-14 05:12:03,227 [INFO] command processing is alive.
2026-04-14 05:17:03,614 [INFO] command processing is alive.
2026-04-14 05:22:03,998 [INFO] command processing is alive.
2026-04-14 05:27:04,380 [INFO] command processing is alive.
2026-04-14 05:32:04,772 [INFO] command processing is alive.
2026-04-14 05:37:05,162 [INFO] command processing is alive.
2026-04-14 05:41:12,207 [INFO] Refreshing listener credentials
2026-04-14 05:41:12,281 [INFO] Scheduling next credential refresh in 1799.0 seconds
2026-04-14 05:42:05,549 [INFO] command processing is alive.
2026-04-14 05:47:05,937 [INFO] command processing is alive.
2026-04-14 05:52:06,380 [INFO] command processing is alive.
2026-04-14 05:57:06,764 [INFO] command processing is alive.
2026-04-14 06:02:07,154 [INFO] command processing is alive.
2026-04-14 06:07:07,535 [INFO] command processing is alive.
2026-04-14 06:11:11,281 [INFO] Refreshing listener credentials
2026-04-14 06:11:11,355 [INFO] Scheduling next credential refresh in 1799.0 seconds
2026-04-14 06:12:07,917 [INFO] command processing is alive.
2026-04-14 06:17:08,303 [INFO] command processing is alive.
2026-04-14 06:22:08,677 [INFO] command processing is alive.
2026-04-14 06:27:09,091 [INFO] command processing is alive.
2026-04-14 06:32:09,476 [INFO] command processing is alive.
2026-04-14 06:37:09,863 [INFO] command processing is alive.
2026-04-14 06:41:10,355 [INFO] Refreshing listener credentials
2026-04-14 06:41:10,426 [INFO] Scheduling next credential refresh in 1799.0 seconds
2026-04-14 06:42:10,249 [INFO] command processing is alive.
2026-04-14 06:47:10,629 [INFO] command processing is alive.
2026-04-14 06:52:11,051 [INFO] command processing is alive.
2026-04-14 06:57:11,440 [INFO] command processing is alive.
2026-04-14 07:02:11,855 [INFO] command processing is alive.
2026-04-14 07:07:12,245 [INFO] command processing is alive.
2026-04-14 07:11:09,427 [INFO] Refreshing listener credentials
2026-04-14 07:11:09,498 [INFO] Scheduling next credential refresh in 1799.0 seconds
2026-04-14 07:12:12,630 [INFO] command processing is alive.
2026-04-14 07:17:13,012 [INFO] command processing is alive.
2026-04-14 07:22:13,406 [INFO] command processing is alive.
2026-04-14 07:27:13,804 [INFO] command processing is alive.
2026-04-14 07:32:14,196 [INFO] command processing is alive.
2026-04-14 07:37:14,616 [INFO] command processing is alive.
2026-04-14 07:41:08,499 [INFO] Refreshing listener credentials
2026-04-14 07:41:08,580 [INFO] Scheduling next credential refresh in 1799.0 seconds
2026-04-14 07:42:15,035 [INFO] command processing is alive.
2026-04-14 07:47:15,431 [INFO] command processing is alive.
2026-04-14 07:52:15,826 [INFO] command processing is alive.
2026-04-14 07:57:16,217 [INFO] command processing is alive.
2026-04-14 08:02:16,602 [INFO] command processing is alive.
2026-04-14 08:07:16,985 [INFO] command processing is alive.
2026-04-14 08:11:07,580 [INFO] Refreshing listener credentials
2026-04-14 08:11:07,654 [INFO] Scheduling next credential refresh in 1799.0 seconds
2026-04-14 08:12:17,361 [INFO] command processing is alive.
2026-04-14 08:17:17,749 [INFO] command processing is alive.
2026-04-14 08:22:18,148 [INFO] command processing is alive.
2026-04-14 08:27:18,574 [INFO] command processing is alive.
2026-04-14 08:32:18,936 [INFO] command processing is alive.
2026-04-14 08:37:19,322 [INFO] command processing is alive.
2026-04-14 08:41:06,655 [INFO] Refreshing listener credentials
2026-04-14 08:41:06,733 [INFO] Scheduling next credential refresh in 1799.0 seconds
2026-04-14 08:42:19,705 [INFO] command processing is alive.
2026-04-14 08:47:20,111 [INFO] command processing is alive.
2026-04-14 08:52:20,515 [INFO] command processing is alive.
2026-04-14 08:57:20,905 [INFO] command processing is alive.
2026-04-14 09:02:21,344 [INFO] command processing is alive.
2026-04-14 09:07:21,801 [INFO] command processing is alive.
2026-04-14 09:11:05,733 [INFO] Refreshing listener credentials
2026-04-14 09:11:05,806 [INFO] Scheduling next credential refresh in 1799.0 seconds
2026-04-14 09:12:22,337 [INFO] command processing is alive.
2026-04-14 09:17:22,707 [INFO] command processing is alive.
2026-04-14 09:22:23,079 [INFO] command processing is alive.
2026-04-14 09:27:23,460 [INFO] command processing is alive.
2026-04-14 09:32:23,872 [INFO] command processing is alive.
2026-04-14 09:37:24,282 [INFO] command processing is alive.
2026-04-14 09:41:04,806 [INFO] Refreshing listener credentials
2026-04-14 09:41:04,880 [INFO] Scheduling next credential refresh in 1799.0 seconds
2026-04-14 09:42:24,665 [INFO] command processing is alive.
2026-04-14 09:47:25,039 [INFO] command processing is alive.
2026-04-14 09:52:25,437 [INFO] command processing is alive.
2026-04-14 09:57:25,818 [INFO] command processing is alive.
2026-04-14 10:02:26,206 [INFO] command processing is alive.
2026-04-14 10:07:26,584 [INFO] command processing is alive.
2026-04-14 10:11:03,880 [INFO] Refreshing listener credentials
2026-04-14 10:11:03,956 [INFO] Scheduling next credential refresh in 1799.0 seconds
2026-04-14 10:12:26,963 [INFO] command processing is alive.
2026-04-14 10:17:27,351 [INFO] command processing is alive.
2026-04-14 10:22:27,735 [INFO] command processing is alive.
2026-04-14 10:27:28,143 [INFO] command processing is alive.
2026-04-14 10:32:28,542 [INFO] command processing is alive.
2026-04-14 10:37:28,957 [INFO] command processing is alive.
2026-04-14 10:41:02,957 [INFO] Refreshing listener credentials
2026-04-14 10:41:03,045 [INFO] Scheduling next credential refresh in 1799.0 seconds
2026-04-14 10:42:29,354 [INFO] command processing is alive.
2026-04-14 10:47:29,747 [INFO] command processing is alive.
2026-04-14 10:52:30,163 [INFO] command processing is alive.
2026-04-14 10:57:30,564 [INFO] command processing is alive.
2026-04-14 11:02:30,962 [INFO] command processing is alive.
2026-04-14 11:07:31,340 [INFO] command processing is alive.
2026-04-14 11:11:02,045 [INFO] Refreshing listener credentials
2026-04-14 11:11:02,132 [INFO] Scheduling next credential refresh in 1799.0 seconds
2026-04-14 11:12:31,731 [INFO] command processing is alive.
2026-04-14 11:17:32,103 [INFO] command processing is alive.
2026-04-14 11:22:32,487 [INFO] command processing is alive.
2026-04-14 11:27:32,874 [INFO] command processing is alive.
2026-04-14 11:32:33,277 [INFO] command processing is alive.
2026-04-14 11:37:33,668 [INFO] command processing is alive.
2026-04-14 11:41:01,133 [INFO] Refreshing listener credentials
2026-04-14 11:41:01,225 [INFO] Scheduling next credential refresh in 1799.0 seconds
2026-04-14 11:42:34,069 [INFO] command processing is alive.
2026-04-14 11:47:34,455 [INFO] command processing is alive.
2026-04-14 11:52:34,850 [INFO] command processing is alive.
2026-04-14 11:57:35,233 [INFO] command processing is alive.
2026-04-14 12:02:35,636 [INFO] command processing is alive.
2026-04-14 12:07:36,035 [INFO] command processing is alive.
2026-04-14 12:11:00,226 [INFO] Refreshing listener credentials
2026-04-14 12:11:00,296 [INFO] Scheduling next credential refresh in 1799.0 seconds
2026-04-14 12:12:36,451 [INFO] command processing is alive.
2026-04-14 12:17:36,858 [INFO] command processing is alive.
2026-04-14 12:22:37,247 [INFO] command processing is alive.
2026-04-14 12:27:37,633 [INFO] command processing is alive.
2026-04-14 12:32:38,038 [INFO] command processing is alive.
2026-04-14 12:37:38,454 [INFO] command processing is alive.
2026-04-14 12:40:59,297 [INFO] Refreshing listener credentials
2026-04-14 12:40:59,376 [INFO] Scheduling next credential refresh in 1799.0 seconds
2026-04-14 12:42:38,843 [INFO] command processing is alive.
2026-04-14 12:47:39,237 [INFO] command processing is alive.
2026-04-14 12:52:39,627 [INFO] command processing is alive.
2026-04-14 12:57:40,021 [INFO] command processing is alive.
2026-04-14 13:02:40,437 [INFO] command processing is alive.
2026-04-14 13:07:40,822 [INFO] command processing is alive.
2026-04-14 13:10:58,377 [INFO] Refreshing listener credentials
2026-04-14 13:10:58,469 [INFO] Scheduling next credential refresh in 1799.0 seconds
2026-04-14 13:12:41,207 [INFO] command processing is alive.
2026-04-14 13:17:41,690 [INFO] command processing is alive.
2026-04-14 13:22:42,190 [INFO] command processing is alive.
2026-04-14 13:27:42,635 [INFO] command processing is alive.
2026-04-14 13:32:43,042 [INFO] command processing is alive.
2026-04-14 13:37:43,437 [INFO] command processing is alive.
2026-04-14 13:40:57,469 [INFO] Refreshing listener credentials
2026-04-14 13:40:57,549 [INFO] Scheduling next credential refresh in 1799.0 seconds
2026-04-14 13:42:43,823 [INFO] command processing is alive.
2026-04-14 13:47:44,230 [INFO] command processing is alive.
2026-04-14 13:52:44,609 [INFO] command processing is alive.
2026-04-14 13:57:44,999 [INFO] command processing is alive.
2026-04-14 14:02:45,385 [INFO] command processing is alive.
2026-04-14 14:07:45,769 [INFO] command processing is alive.
2026-04-14 14:10:56,550 [INFO] Refreshing listener credentials
2026-04-14 14:10:56,622 [INFO] Scheduling next credential refresh in 1799.0 seconds
2026-04-14 14:12:46,148 [INFO] command processing is alive.
2026-04-14 14:17:46,532 [INFO] command processing is alive.
2026-04-14 14:22:46,927 [INFO] command processing is alive.
2026-04-14 14:27:47,343 [INFO] command processing is alive.
2026-04-14 14:32:47,736 [INFO] command processing is alive.
2026-04-14 14:37:48,130 [INFO] command processing is alive.
2026-04-14 14:40:55,623 [INFO] Refreshing listener credentials
2026-04-14 14:40:55,701 [INFO] Scheduling next credential refresh in 1799.0 seconds
2026-04-14 14:42:48,559 [INFO] command processing is alive.
2026-04-14 14:47:48,949 [INFO] command processing is alive.
2026-04-14 14:52:49,323 [INFO] command processing is alive.
2026-04-14 14:57:49,735 [INFO] command processing is alive.
2026-04-14 15:02:50,119 [INFO] command processing is alive.
2026-04-14 15:07:50,506 [INFO] command processing is alive.
2026-04-14 15:10:54,701 [INFO] Refreshing listener credentials
2026-04-14 15:10:54,779 [INFO] Scheduling next credential refresh in 1799.0 seconds
2026-04-14 15:12:50,892 [INFO] command processing is alive.
2026-04-14 15:17:51,282 [INFO] command processing is alive.
2026-04-14 15:22:51,694 [INFO] command processing is alive.
2026-04-14 15:27:52,086 [INFO] command processing is alive.
2026-04-14 15:32:52,474 [INFO] command processing is alive.
2026-04-14 15:37:52,898 [INFO] command processing is alive.
2026-04-14 15:40:53,780 [INFO] Refreshing listener credentials
2026-04-14 15:40:53,867 [INFO] Scheduling next credential refresh in 1799.0 seconds
2026-04-14 15:42:53,306 [INFO] command processing is alive.
2026-04-14 15:47:53,701 [INFO] command processing is alive.
2026-04-14 15:52:54,101 [INFO] command processing is alive.
2026-04-14 15:57:54,503 [INFO] command processing is alive.
2026-04-14 16:02:54,890 [INFO] command processing is alive.
2026-04-14 16:07:55,285 [INFO] command processing is alive.
2026-04-14 16:10:52,867 [INFO] Refreshing listener credentials
2026-04-14 16:10:52,947 [INFO] Scheduling next credential refresh in 1799.0 seconds
2026-04-14 16:12:55,689 [INFO] command processing is alive.
2026-04-14 16:17:56,080 [INFO] command processing is alive.
2026-04-14 16:22:56,464 [INFO] command processing is alive.
2026-04-14 16:27:56,859 [INFO] command processing is alive.
2026-04-14 16:32:57,246 [INFO] command processing is alive.
2026-04-14 16:37:57,636 [INFO] command processing is alive.
2026-04-14 16:40:51,947 [INFO] Refreshing listener credentials
2026-04-14 16:40:52,021 [INFO] Scheduling next credential refresh in 1799.0 seconds
2026-04-14 16:42:58,019 [INFO] command processing is alive.
2026-04-14 16:47:58,420 [INFO] command processing is alive.
2026-04-14 16:52:58,812 [INFO] command processing is alive.
2026-04-14 16:57:59,203 [INFO] command processing is alive.
2026-04-14 17:02:59,598 [INFO] command processing is alive.
2026-04-14 17:07:59,983 [INFO] command processing is alive.
2026-04-14 17:10:51,021 [INFO] Refreshing listener credentials
2026-04-14 17:10:51,110 [INFO] Scheduling next credential refresh in 1799.0 seconds
2026-04-14 17:13:00,404 [INFO] command processing is alive.
2026-04-14 17:18:00,791 [INFO] command processing is alive.
2026-04-14 17:23:01,213 [INFO] command processing is alive.
2026-04-14 17:28:01,660 [INFO] command processing is alive.
2026-04-14 17:33:02,126 [INFO] command processing is alive.
2026-04-14 17:38:02,584 [INFO] command processing is alive.
2026-04-14 17:40:50,110 [INFO] Refreshing listener credentials
2026-04-14 17:40:50,190 [INFO] Scheduling next credential refresh in 1799.0 seconds
2026-04-14 17:43:02,974 [INFO] command processing is alive.
2026-04-14 17:48:03,373 [INFO] command processing is alive.
2026-04-14 17:53:03,752 [INFO] command processing is alive.
2026-04-14 17:58:04,149 [INFO] command processing is alive.
2026-04-14 18:03:04,550 [INFO] command processing is alive.
2026-04-14 18:08:04,928 [INFO] command processing is alive.
2026-04-14 18:10:49,191 [INFO] Refreshing listener credentials
2026-04-14 18:10:49,269 [INFO] Scheduling next credential refresh in 1799.0 seconds
2026-04-14 18:13:05,323 [INFO] command processing is alive.
2026-04-14 18:18:05,760 [INFO] command processing is alive.
2026-04-14 18:23:06,156 [INFO] command processing is alive.
2026-04-14 18:28:06,524 [INFO] command processing is alive.
2026-04-14 18:33:06,895 [INFO] command processing is alive.
2026-04-14 18:38:07,287 [INFO] command processing is alive.
2026-04-14 18:40:48,269 [INFO] Refreshing listener credentials
2026-04-14 18:40:48,357 [INFO] Scheduling next credential refresh in 1799.0 seconds
2026-04-14 18:43:07,667 [INFO] command processing is alive.
2026-04-14 18:48:08,052 [INFO] command processing is alive.
2026-04-14 18:53:08,439 [INFO] command processing is alive.
2026-04-14 18:58:08,831 [INFO] command processing is alive.
2026-04-14 19:03:09,221 [INFO] command processing is alive.
2026-04-14 19:08:09,605 [INFO] command processing is alive.
2026-04-14 19:10:47,358 [INFO] Refreshing listener credentials
2026-04-14 19:10:47,440 [INFO] Scheduling next credential refresh in 1799.0 seconds
2026-04-14 19:13:09,988 [INFO] command processing is alive.
2026-04-14 19:18:10,374 [INFO] command processing is alive.
2026-04-14 19:23:10,763 [INFO] command processing is alive.
2026-04-14 19:28:11,153 [INFO] command processing is alive.
2026-04-14 19:33:11,539 [INFO] command processing is alive.
2026-04-14 19:38:11,933 [INFO] command processing is alive.
2026-04-14 19:40:46,440 [INFO] Refreshing listener credentials
2026-04-14 19:40:46,525 [INFO] Scheduling next credential refresh in 1799.0 seconds
2026-04-14 19:43:12,325 [INFO] command processing is alive.
2026-04-14 19:48:12,741 [INFO] command processing is alive.
2026-04-14 19:53:13,133 [INFO] command processing is alive.
2026-04-14 19:58:13,522 [INFO] command processing is alive.
2026-04-14 20:03:13,927 [INFO] command processing is alive.
2026-04-14 20:08:14,324 [INFO] command processing is alive.
2026-04-14 20:10:45,526 [INFO] Refreshing listener credentials
2026-04-14 20:10:45,594 [INFO] Scheduling next credential refresh in 1799.0 seconds
2026-04-14 20:13:14,712 [INFO] command processing is alive.
2026-04-14 20:18:15,098 [INFO] command processing is alive.
2026-04-14 20:23:15,496 [INFO] command processing is alive.
2026-04-14 20:28:15,882 [INFO] command processing is alive.
2026-04-14 20:33:16,271 [INFO] command processing is alive.
2026-04-14 20:38:16,655 [INFO] command processing is alive.
2026-04-14 20:40:44,594 [INFO] Refreshing listener credentials
2026-04-14 20:40:44,670 [INFO] Scheduling next credential refresh in 1799.0 seconds
2026-04-14 20:43:17,037 [INFO] command processing is alive.
2026-04-14 20:48:17,432 [INFO] command processing is alive.
2026-04-14 20:53:17,814 [INFO] command processing is alive.
2026-04-14 20:58:18,191 [INFO] command processing is alive.
2026-04-14 21:03:18,582 [INFO] command processing is alive.
2026-04-14 21:08:18,965 [INFO] command processing is alive.
2026-04-14 21:10:43,670 [INFO] Refreshing listener credentials
2026-04-14 21:10:43,741 [INFO] Scheduling next credential refresh in 1799.0 seconds
2026-04-14 21:13:19,339 [INFO] command processing is alive.
2026-04-14 21:18:19,735 [INFO] command processing is alive.
2026-04-14 21:23:20,191 [INFO] command processing is alive.
2026-04-14 21:28:20,582 [INFO] command processing is alive.
2026-04-14 21:33:20,975 [INFO] command processing is alive.
2026-04-14 21:38:21,379 [INFO] command processing is alive.
2026-04-14 21:40:42,741 [INFO] Refreshing listener credentials
2026-04-14 21:40:42,855 [INFO] Scheduling next credential refresh in 1799.0 seconds
2026-04-14 21:43:21,826 [INFO] command processing is alive.
2026-04-14 21:48:22,312 [INFO] command processing is alive.
2026-04-14 21:53:22,703 [INFO] command processing is alive.
2026-04-14 21:58:23,105 [INFO] command processing is alive.
2026-04-14 22:03:23,530 [INFO] command processing is alive.
2026-04-14 22:08:23,898 [INFO] command processing is alive.
2026-04-14 22:10:41,855 [INFO] Refreshing listener credentials
2026-04-14 22:10:41,933 [INFO] Scheduling next credential refresh in 1799.0 seconds
2026-04-14 22:13:24,288 [INFO] command processing is alive.
2026-04-14 22:18:24,689 [INFO] command processing is alive.
2026-04-14 22:23:25,074 [INFO] command processing is alive.
2026-04-14 22:28:25,449 [INFO] command processing is alive.
2026-04-14 22:33:25,874 [INFO] command processing is alive.
2026-04-14 22:38:26,280 [INFO] command processing is alive.
2026-04-14 22:40:40,933 [INFO] Refreshing listener credentials
2026-04-14 22:40:41,007 [INFO] Scheduling next credential refresh in 1799.0 seconds
2026-04-14 22:43:26,766 [INFO] command processing is alive.
2026-04-14 22:48:27,146 [INFO] command processing is alive.
2026-04-14 22:53:27,533 [INFO] command processing is alive.
2026-04-14 22:58:27,907 [INFO] command processing is alive.
2026-04-14 23:03:28,314 [INFO] command processing is alive.
2026-04-14 23:08:28,721 [INFO] command processing is alive.
2026-04-14 23:10:40,008 [INFO] Refreshing listener credentials
2026-04-14 23:10:40,082 [INFO] Scheduling next credential refresh in 1799.0 seconds
2026-04-14 23:13:29,104 [INFO] command processing is alive.
2026-04-14 23:18:29,490 [INFO] command processing is alive.
2026-04-14 23:23:29,880 [INFO] command processing is alive.
2026-04-14 23:28:30,273 [INFO] command processing is alive.
2026-04-14 23:33:30,658 [INFO] command processing is alive.
2026-04-14 23:38:31,060 [INFO] command processing is alive.
2026-04-14 23:40:39,082 [INFO] Refreshing listener credentials
2026-04-14 23:40:39,157 [INFO] Scheduling next credential refresh in 1799.0 seconds
2026-04-14 23:43:31,458 [INFO] command processing is alive.
2026-04-14 23:48:31,856 [INFO] command processing is alive.
2026-04-14 23:53:32,234 [INFO] command processing is alive.
2026-04-14 23:58:32,625 [INFO] command processing is alive.
2026-04-15 00:03:33,008 [INFO] command processing is alive.
2026-04-15 00:08:33,422 [INFO] command processing is alive.
2026-04-15 00:10:38,158 [INFO] Refreshing listener credentials
2026-04-15 00:10:38,233 [INFO] Scheduling next credential refresh in 1799.0 seconds
2026-04-15 00:13:33,816 [INFO] command processing is alive.
2026-04-15 00:18:34,222 [INFO] command processing is alive.
2026-04-15 00:23:34,605 [INFO] command processing is alive.
2026-04-15 00:28:34,988 [INFO] command processing is alive.
2026-04-15 00:33:35,382 [INFO] command processing is alive.
2026-04-15 00:38:35,762 [INFO] command processing is alive.
2026-04-15 00:40:37,234 [INFO] Refreshing listener credentials
2026-04-15 00:40:37,309 [INFO] Scheduling next credential refresh in 1799.0 seconds
2026-04-15 00:43:36,190 [INFO] command processing is alive.
2026-04-15 00:48:36,573 [INFO] command processing is alive.
2026-04-15 00:53:36,950 [INFO] command processing is alive.
2026-04-15 00:58:37,326 [INFO] command processing is alive.
2026-04-15 01:03:37,708 [INFO] command processing is alive.
2026-04-15 01:08:38,112 [INFO] command processing is alive.
2026-04-15 01:10:36,309 [INFO] Refreshing listener credentials
2026-04-15 01:10:36,377 [INFO] Scheduling next credential refresh in 1799.0 seconds
2026-04-15 01:13:38,500 [INFO] command processing is alive.
2026-04-15 01:18:38,870 [INFO] command processing is alive.
2026-04-15 01:23:39,244 [INFO] command processing is alive.
2026-04-15 01:28:39,623 [INFO] command processing is alive.
2026-04-15 01:33:40,009 [INFO] command processing is alive.
2026-04-15 01:38:40,455 [INFO] command processing is alive.
2026-04-15 01:40:35,378 [INFO] Refreshing listener credentials
2026-04-15 01:40:35,454 [INFO] Scheduling next credential refresh in 1799.0 seconds
2026-04-15 01:43:40,835 [INFO] command processing is alive.
2026-04-15 01:48:41,243 [INFO] command processing is alive.
2026-04-15 01:53:41,669 [INFO] command processing is alive.
2026-04-15 01:58:42,275 [INFO] command processing is alive.
2026-04-15 02:03:42,826 [INFO] command processing is alive.
2026-04-15 02:08:43,225 [INFO] command processing is alive.
2026-04-15 02:10:34,454 [INFO] Refreshing listener credentials
2026-04-15 02:10:34,535 [INFO] Scheduling next credential refresh in 1799.0 seconds
2026-04-15 02:13:43,616 [INFO] command processing is alive.
2026-04-15 02:18:44,022 [INFO] command processing is alive.
2026-04-15 02:23:44,429 [INFO] command processing is alive.
2026-04-15 02:28:44,829 [INFO] command processing is alive.
2026-04-15 02:33:45,228 [INFO] command processing is alive.
2026-04-15 02:38:45,606 [INFO] command processing is alive.
2026-04-15 02:40:33,536 [INFO] Refreshing listener credentials
2026-04-15 02:40:33,620 [INFO] Scheduling next credential refresh in 1799.0 seconds
2026-04-15 02:43:45,986 [INFO] command processing is alive.
2026-04-15 02:48:46,377 [INFO] command processing is alive.
2026-04-15 02:53:46,749 [INFO] command processing is alive.
2026-04-15 02:58:47,125 [INFO] command processing is alive.
2026-04-15 03:03:47,524 [INFO] command processing is alive.
2026-04-15 03:08:47,902 [INFO] command processing is alive.
2026-04-15 03:10:32,621 [INFO] Refreshing listener credentials
2026-04-15 03:10:32,710 [INFO] Scheduling next credential refresh in 1799.0 seconds
2026-04-15 03:13:48,284 [INFO] command processing is alive.
2026-04-15 03:18:48,673 [INFO] command processing is alive.
2026-04-15 03:23:49,073 [INFO] command processing is alive.
2026-04-15 03:28:49,447 [INFO] command processing is alive.
2026-04-15 03:33:49,858 [INFO] command processing is alive.
2026-04-15 03:38:50,234 [INFO] command processing is alive.
2026-04-15 03:40:31,711 [INFO] Refreshing listener credentials
2026-04-15 03:40:31,791 [INFO] Scheduling next credential refresh in 1799.0 seconds
2026-04-15 03:43:50,609 [INFO] command processing is alive.
2026-04-15 03:48:51,009 [INFO] command processing is alive.
2026-04-15 03:53:51,407 [INFO] command processing is alive.
2026-04-15 03:58:51,832 [INFO] command processing is alive.
2026-04-15 04:03:52,212 [INFO] command processing is alive.
2026-04-15 04:08:52,598 [INFO] command processing is alive.
2026-04-15 04:10:30,791 [INFO] Refreshing listener credentials
2026-04-15 04:10:30,879 [INFO] Scheduling next credential refresh in 1799.0 seconds
2026-04-15 04:13:53,020 [INFO] command processing is alive.
2026-04-15 04:18:53,425 [INFO] command processing is alive.
2026-04-15 04:23:53,823 [INFO] command processing is alive.
2026-04-15 04:28:54,212 [INFO] command processing is alive.
2026-04-15 04:33:54,614 [INFO] command processing is alive.
2026-04-15 04:38:55,001 [INFO] command processing is alive.
2026-04-15 04:40:29,879 [INFO] Refreshing listener credentials
2026-04-15 04:40:29,960 [INFO] Scheduling next credential refresh in 1799.0 seconds
2026-04-15 04:43:55,392 [INFO] command processing is alive.
2026-04-15 04:48:55,784 [INFO] command processing is alive.
2026-04-15 04:53:56,165 [INFO] command processing is alive.
2026-04-15 04:58:56,554 [INFO] command processing is alive.
2026-04-15 05:03:56,944 [INFO] command processing is alive.
2026-04-15 05:08:57,325 [INFO] command processing is alive.
2026-04-15 05:10:28,961 [INFO] Refreshing listener credentials
2026-04-15 05:10:29,030 [INFO] Scheduling next credential refresh in 1799.0 seconds
2026-04-15 05:13:57,744 [INFO] command processing is alive.
2026-04-15 05:18:58,136 [INFO] command processing is alive.
2026-04-15 05:23:58,515 [INFO] command processing is alive.
2026-04-15 05:28:58,912 [INFO] command processing is alive.
2026-04-15 05:33:59,290 [INFO] command processing is alive.
2026-04-15 05:38:59,667 [INFO] command processing is alive.
2026-04-15 05:40:28,031 [INFO] Refreshing listener credentials
2026-04-15 05:40:28,101 [INFO] Scheduling next credential refresh in 1799.0 seconds
2026-04-15 05:44:00,079 [INFO] command processing is alive.
2026-04-15 05:49:00,470 [INFO] command processing is alive.
2026-04-15 05:54:00,850 [INFO] command processing is alive.
2026-04-15 05:59:01,245 [INFO] command processing is alive.
2026-04-15 06:04:01,753 [INFO] command processing is alive.
2026-04-15 06:09:02,418 [INFO] command processing is alive.
2026-04-15 06:10:27,102 [INFO] Refreshing listener credentials
2026-04-15 06:10:27,198 [INFO] Scheduling next credential refresh in 1799.0 seconds
2026-04-15 06:14:02,811 [INFO] command processing is alive.
2026-04-15 06:19:03,218 [INFO] command processing is alive.
2026-04-15 06:24:03,590 [INFO] command processing is alive.
2026-04-15 06:29:03,961 [INFO] command processing is alive.
2026-04-15 06:34:04,382 [INFO] command processing is alive.
2026-04-15 06:39:04,778 [INFO] command processing is alive.
2026-04-15 06:40:26,199 [INFO] Refreshing listener credentials
2026-04-15 06:40:26,272 [INFO] Scheduling next credential refresh in 1799.0 seconds
2026-04-15 06:44:05,172 [INFO] command processing is alive.
2026-04-15 06:49:05,549 [INFO] command processing is alive.
2026-04-15 06:54:05,932 [INFO] command processing is alive.
2026-04-15 06:59:06,311 [INFO] command processing is alive.
2026-04-15 07:04:06,725 [INFO] command processing is alive.
2026-04-15 07:09:07,104 [INFO] command processing is alive.
2026-04-15 07:10:25,273 [INFO] Refreshing listener credentials
2026-04-15 07:10:25,343 [INFO] Scheduling next credential refresh in 1799.0 seconds
2026-04-15 07:14:07,502 [INFO] command processing is alive.
2026-04-15 07:19:07,909 [INFO] command processing is alive.
2026-04-15 07:24:08,300 [INFO] command processing is alive.
2026-04-15 07:29:08,684 [INFO] command processing is alive.
2026-04-15 07:34:09,072 [INFO] command processing is alive.
2026-04-15 07:39:09,469 [INFO] command processing is alive.
2026-04-15 07:40:24,343 [INFO] Refreshing listener credentials
2026-04-15 07:40:24,420 [INFO] Scheduling next credential refresh in 1799.0 seconds
2026-04-15 07:44:09,910 [INFO] command processing is alive.
2026-04-15 07:49:10,295 [INFO] command processing is alive.
2026-04-15 07:54:10,674 [INFO] command processing is alive.
2026-04-15 07:59:11,089 [INFO] command processing is alive.
2026-04-15 08:04:11,478 [INFO] command processing is alive.
2026-04-15 08:09:11,874 [INFO] command processing is alive.
2026-04-15 08:10:23,421 [INFO] Refreshing listener credentials
2026-04-15 08:10:23,495 [INFO] Scheduling next credential refresh in 1799.0 seconds
2026-04-15 08:14:12,263 [INFO] command processing is alive.
2026-04-15 08:19:12,643 [INFO] command processing is alive.
2026-04-15 08:24:13,029 [INFO] command processing is alive.
2026-04-15 08:29:13,433 [INFO] command processing is alive.
2026-04-15 08:34:13,823 [INFO] command processing is alive.
2026-04-15 08:39:14,200 [INFO] command processing is alive.
2026-04-15 08:40:22,496 [INFO] Refreshing listener credentials
2026-04-15 08:40:22,571 [INFO] Scheduling next credential refresh in 1799.0 seconds
2026-04-15 08:44:14,594 [INFO] command processing is alive.
2026-04-15 08:49:14,980 [INFO] command processing is alive.
2026-04-15 08:54:15,391 [INFO] command processing is alive.
2026-04-15 08:59:15,787 [INFO] command processing is alive.
2026-04-15 09:04:16,176 [INFO] command processing is alive.
2026-04-15 09:09:16,586 [INFO] command processing is alive.
2026-04-15 09:10:21,571 [INFO] Refreshing listener credentials
2026-04-15 09:10:21,644 [INFO] Scheduling next credential refresh in 1799.0 seconds
2026-04-15 09:14:16,974 [INFO] command processing is alive.
2026-04-15 09:19:17,363 [INFO] command processing is alive.
2026-04-15 09:24:17,758 [INFO] command processing is alive.
2026-04-15 09:29:18,136 [INFO] command processing is alive.
2026-04-15 09:34:18,556 [INFO] command processing is alive.
2026-04-15 09:39:18,934 [INFO] command processing is alive.
2026-04-15 09:40:20,645 [INFO] Refreshing listener credentials
2026-04-15 09:40:20,733 [INFO] Scheduling next credential refresh in 1799.0 seconds
2026-04-15 09:44:19,308 [INFO] command processing is alive.
2026-04-15 09:49:19,699 [INFO] command processing is alive.
2026-04-15 09:54:20,152 [INFO] command processing is alive.
2026-04-15 09:59:20,558 [INFO] command processing is alive.
2026-04-15 10:04:20,969 [INFO] command processing is alive.
2026-04-15 10:09:21,389 [INFO] command processing is alive.
2026-04-15 10:10:19,734 [INFO] Refreshing listener credentials
2026-04-15 10:10:19,809 [INFO] Scheduling next credential refresh in 1799.0 seconds
2026-04-15 10:14:21,913 [INFO] command processing is alive.
2026-04-15 10:19:22,398 [INFO] command processing is alive.
2026-04-15 10:24:22,783 [INFO] command processing is alive.
2026-04-15 10:29:23,255 [INFO] command processing is alive.
2026-04-15 10:34:23,659 [INFO] command processing is alive.
2026-04-15 10:39:24,045 [INFO] command processing is alive.
2026-04-15 10:40:18,809 [INFO] Refreshing listener credentials
2026-04-15 10:40:18,884 [INFO] Scheduling next credential refresh in 1799.0 seconds
2026-04-15 10:44:24,470 [INFO] command processing is alive.
2026-04-15 10:49:24,850 [INFO] command processing is alive.
2026-04-15 10:54:25,247 [INFO] command processing is alive.
2026-04-15 10:59:25,624 [INFO] command processing is alive.
2026-04-15 11:04:26,020 [INFO] command processing is alive.
2026-04-15 11:09:26,418 [INFO] command processing is alive.
2026-04-15 11:10:17,884 [INFO] Refreshing listener credentials
2026-04-15 11:10:17,962 [INFO] Scheduling next credential refresh in 1799.0 seconds
2026-04-15 11:14:26,795 [INFO] command processing is alive.
2026-04-15 11:19:27,178 [INFO] command processing is alive.
2026-04-15 11:24:27,565 [INFO] command processing is alive.
2026-04-15 11:29:27,956 [INFO] command processing is alive.
2026-04-15 11:34:28,344 [INFO] command processing is alive.
2026-04-15 11:39:28,722 [INFO] command processing is alive.
2026-04-15 11:40:16,962 [INFO] Refreshing listener credentials
2026-04-15 11:40:17,048 [INFO] Scheduling next credential refresh in 1799.0 seconds
2026-04-15 11:44:29,158 [INFO] command processing is alive.
2026-04-15 11:49:29,538 [INFO] command processing is alive.
2026-04-15 11:54:29,908 [INFO] command processing is alive.
2026-04-15 11:59:30,320 [INFO] command processing is alive.
2026-04-15 12:04:30,716 [INFO] command processing is alive.
2026-04-15 12:09:31,094 [INFO] command processing is alive.
2026-04-15 12:10:16,049 [INFO] Refreshing listener credentials
2026-04-15 12:10:16,121 [INFO] Scheduling next credential refresh in 1799.0 seconds
2026-04-15 12:14:31,488 [INFO] command processing is alive.
2026-04-15 12:19:31,876 [INFO] command processing is alive.
2026-04-15 12:24:32,278 [INFO] command processing is alive.
2026-04-15 12:29:32,685 [INFO] command processing is alive.
2026-04-15 12:34:33,082 [INFO] command processing is alive.
2026-04-15 12:39:33,478 [INFO] command processing is alive.
2026-04-15 12:40:15,122 [INFO] Refreshing listener credentials
2026-04-15 12:40:15,205 [INFO] Scheduling next credential refresh in 1799.0 seconds
2026-04-15 12:44:33,855 [INFO] command processing is alive.
2026-04-15 12:49:34,236 [INFO] command processing is alive.
2026-04-15 12:54:34,618 [INFO] command processing is alive.
2026-04-15 12:59:35,037 [INFO] command processing is alive.
2026-04-15 13:04:35,418 [INFO] command processing is alive.
2026-04-15 13:09:35,816 [INFO] command processing is alive.
2026-04-15 13:10:14,205 [INFO] Refreshing listener credentials
2026-04-15 13:10:14,278 [INFO] Scheduling next credential refresh in 1799.0 seconds
2026-04-15 13:14:36,199 [INFO] command processing is alive.
2026-04-15 13:19:36,605 [INFO] command processing is alive.
2026-04-15 13:24:37,003 [INFO] command processing is alive.
2026-04-15 13:29:37,396 [INFO] command processing is alive.
2026-04-15 13:34:37,769 [INFO] command processing is alive.
2026-04-15 13:39:38,155 [INFO] command processing is alive.
2026-04-15 13:40:13,278 [INFO] Refreshing listener credentials
2026-04-15 13:40:13,349 [INFO] Scheduling next credential refresh in 1799.0 seconds
2026-04-15 13:44:38,561 [INFO] command processing is alive.
2026-04-15 13:49:38,956 [INFO] command processing is alive.
2026-04-15 13:54:39,357 [INFO] command processing is alive.
2026-04-15 13:59:39,736 [INFO] command processing is alive.
2026-04-15 14:04:40,196 [INFO] command processing is alive.
2026-04-15 14:09:40,594 [INFO] command processing is alive.
2026-04-15 14:10:12,350 [INFO] Refreshing listener credentials
2026-04-15 14:10:12,428 [INFO] Scheduling next credential refresh in 1799.0 seconds
2026-04-15 14:14:40,987 [INFO] command processing is alive.
2026-04-15 14:19:41,402 [INFO] command processing is alive.
2026-04-15 14:24:41,880 [INFO] command processing is alive.
2026-04-15 14:29:42,395 [INFO] command processing is alive.
2026-04-15 14:34:42,964 [INFO] command processing is alive.
2026-04-15 14:39:43,367 [INFO] command processing is alive.
2026-04-15 14:40:11,428 [INFO] Refreshing listener credentials
2026-04-15 14:40:11,501 [INFO] Scheduling next credential refresh in 1799.0 seconds
2026-04-15 14:44:43,766 [INFO] command processing is alive.
2026-04-15 14:49:44,147 [INFO] command processing is alive.
2026-04-15 14:54:44,533 [INFO] command processing is alive.
2026-04-15 14:59:44,918 [INFO] command processing is alive.
2026-04-15 15:04:45,333 [INFO] command processing is alive.
2026-04-15 15:09:45,711 [INFO] command processing is alive.
2026-04-15 15:10:10,502 [INFO] Refreshing listener credentials
2026-04-15 15:10:10,594 [INFO] Scheduling next credential refresh in 1799.0 seconds
2026-04-15 15:14:46,097 [INFO] command processing is alive.
2026-04-15 15:19:46,499 [INFO] command processing is alive.
2026-04-15 15:24:46,862 [INFO] command processing is alive.
2026-04-15 15:29:47,242 [INFO] command processing is alive.
2026-04-15 15:34:47,631 [INFO] command processing is alive.
2026-04-15 15:39:48,017 [INFO] command processing is alive.
2026-04-15 15:40:09,594 [INFO] Refreshing listener credentials
2026-04-15 15:40:09,670 [INFO] Scheduling next credential refresh in 1799.0 seconds
2026-04-15 15:44:48,410 [INFO] command processing is alive.
2026-04-15 15:49:48,794 [INFO] command processing is alive.
2026-04-15 15:54:49,174 [INFO] command processing is alive.
2026-04-15 15:59:49,550 [INFO] command processing is alive.
2026-04-15 16:04:49,950 [INFO] command processing is alive.
2026-04-15 16:09:50,334 [INFO] command processing is alive.
2026-04-15 16:10:08,670 [INFO] Refreshing listener credentials
2026-04-15 16:10:08,746 [INFO] Scheduling next credential refresh in 1799.0 seconds
2026-04-15 16:14:50,727 [INFO] command processing is alive.
2026-04-15 16:19:51,118 [INFO] command processing is alive.
2026-04-15 16:24:51,539 [INFO] command processing is alive.
2026-04-15 16:29:51,935 [INFO] command processing is alive.
2026-04-15 16:34:52,350 [INFO] command processing is alive.
2026-04-15 16:39:52,743 [INFO] command processing is alive.
2026-04-15 16:40:07,746 [INFO] Refreshing listener credentials
2026-04-15 16:40:07,820 [INFO] Scheduling next credential refresh in 1799.0 seconds
2026-04-15 16:44:53,130 [INFO] command processing is alive.
2026-04-15 16:49:53,523 [INFO] command processing is alive.
2026-04-15 16:54:53,908 [INFO] command processing is alive.
2026-04-15 16:59:54,309 [INFO] command processing is alive.
2026-04-15 17:04:54,729 [INFO] command processing is alive.
2026-04-15 17:09:55,138 [INFO] command processing is alive.
2026-04-15 17:10:06,821 [INFO] Refreshing listener credentials
2026-04-15 17:10:06,900 [INFO] Scheduling next credential refresh in 1799.0 seconds
2026-04-15 17:14:55,515 [INFO] command processing is alive.
2026-04-15 17:19:55,905 [INFO] command processing is alive.
2026-04-15 17:24:56,301 [INFO] command processing is alive.
2026-04-15 17:29:56,706 [INFO] command processing is alive.
2026-04-15 17:34:57,083 [INFO] command processing is alive.
2026-04-15 17:39:57,469 [INFO] command processing is alive.
2026-04-15 17:40:05,900 [INFO] Refreshing listener credentials
2026-04-15 17:40:05,979 [INFO] Scheduling next credential refresh in 1799.0 seconds
2026-04-15 17:44:57,861 [INFO] command processing is alive.
2026-04-15 17:49:58,281 [INFO] command processing is alive.
2026-04-15 17:54:58,669 [INFO] command processing is alive.
2026-04-15 17:59:59,055 [INFO] command processing is alive.
2026-04-15 18:04:59,440 [INFO] command processing is alive.
2026-04-15 18:09:59,820 [INFO] command processing is alive.
2026-04-15 18:10:04,980 [INFO] Refreshing listener credentials
2026-04-15 18:10:05,063 [INFO] Scheduling next credential refresh in 1799.0 seconds
2026-04-15 18:15:00,239 [INFO] command processing is alive.
2026-04-15 18:20:00,639 [INFO] command processing is alive.
2026-04-15 18:25:01,026 [INFO] command processing is alive.
2026-04-15 18:30:01,485 [INFO] command processing is alive.
2026-04-15 18:35:02,020 [INFO] command processing is alive.
2026-04-15 18:40:02,507 [INFO] command processing is alive.
2026-04-15 18:40:04,064 [INFO] Refreshing listener credentials
2026-04-15 18:40:04,142 [INFO] Scheduling next credential refresh in 1799.0 seconds
2026-04-15 18:45:02,933 [INFO] command processing is alive.
2026-04-15 18:50:03,309 [INFO] command processing is alive.
2026-04-15 18:55:03,693 [INFO] command processing is alive.
2026-04-15 19:00:04,126 [INFO] command processing is alive.
2026-04-15 19:05:04,518 [INFO] command processing is alive.
2026-04-15 19:10:03,143 [INFO] Refreshing listener credentials
2026-04-15 19:10:03,216 [INFO] Scheduling next credential refresh in 1799.0 seconds
2026-04-15 19:10:04,907 [INFO] command processing is alive.
2026-04-15 19:15:05,287 [INFO] command processing is alive.
2026-04-15 19:20:05,667 [INFO] command processing is alive.
2026-04-15 19:25:06,058 [INFO] command processing is alive.
2026-04-15 19:30:06,440 [INFO] command processing is alive.
2026-04-15 19:35:06,832 [INFO] command processing is alive.
2026-04-15 19:40:02,219 [INFO] Refreshing listener credentials
2026-04-15 19:40:02,352 [INFO] Scheduling next credential refresh in 1799.0 seconds
2026-04-15 19:40:07,241 [INFO] command processing is alive.
2026-04-15 19:45:07,632 [INFO] command processing is alive.
2026-04-15 19:50:08,016 [INFO] command processing is alive.
2026-04-15 19:55:08,403 [INFO] command processing is alive.
2026-04-15 20:00:08,816 [INFO] command processing is alive.
2026-04-15 20:05:09,198 [INFO] command processing is alive.
2026-04-15 20:10:01,354 [INFO] Refreshing listener credentials
2026-04-15 20:10:01,463 [INFO] Scheduling next credential refresh in 1799.0 seconds
2026-04-15 20:10:09,587 [INFO] command processing is alive.
2026-04-15 20:15:09,966 [INFO] command processing is alive.
2026-04-15 20:20:10,346 [INFO] command processing is alive.
2026-04-15 20:25:10,725 [INFO] command processing is alive.
2026-04-15 20:30:11,107 [INFO] command processing is alive.
2026-04-15 20:35:11,483 [INFO] command processing is alive.
2026-04-15 20:40:00,472 [INFO] Refreshing listener credentials
2026-04-15 20:40:00,546 [INFO] Scheduling next credential refresh in 1799.0 seconds
2026-04-15 20:40:11,866 [INFO] command processing is alive.
2026-04-15 20:45:12,256 [INFO] command processing is alive.
2026-04-15 20:50:12,654 [INFO] command processing is alive.
2026-04-15 20:55:13,048 [INFO] command processing is alive.
2026-04-15 21:00:13,425 [INFO] command processing is alive.
2026-04-15 21:05:13,791 [INFO] command processing is alive.
2026-04-15 21:09:59,547 [INFO] Refreshing listener credentials
2026-04-15 21:09:59,618 [INFO] Scheduling next credential refresh in 1799.0 seconds
2026-04-15 21:10:14,181 [INFO] command processing is alive.
2026-04-15 21:15:14,575 [INFO] command processing is alive.
2026-04-15 21:20:14,982 [INFO] command processing is alive.
2026-04-15 21:25:15,370 [INFO] command processing is alive.
2026-04-15 21:30:15,773 [INFO] command processing is alive.
2026-04-15 21:35:16,167 [INFO] command processing is alive.
2026-04-15 21:39:58,619 [INFO] Refreshing listener credentials
2026-04-15 21:39:58,705 [INFO] Scheduling next credential refresh in 1799.0 seconds
2026-04-15 21:40:16,541 [INFO] command processing is alive.
2026-04-15 21:45:16,936 [INFO] command processing is alive.
2026-04-15 21:50:17,315 [INFO] command processing is alive.
2026-04-15 21:55:17,690 [INFO] command processing is alive.
2026-04-15 22:00:18,114 [INFO] command processing is alive.
2026-04-15 22:05:18,498 [INFO] command processing is alive.
2026-04-15 22:09:57,705 [INFO] Refreshing listener credentials
2026-04-15 22:09:57,782 [INFO] Scheduling next credential refresh in 1799.0 seconds
2026-04-15 22:10:18,883 [INFO] command processing is alive.
2026-04-15 22:15:19,281 [INFO] command processing is alive.
2026-04-15 22:20:19,659 [INFO] command processing is alive.
2026-04-15 22:25:20,072 [INFO] command processing is alive.
2026-04-15 22:30:20,474 [INFO] command processing is alive.
2026-04-15 22:35:20,864 [INFO] command processing is alive.
2026-04-15 22:39:56,783 [INFO] Refreshing listener credentials
2026-04-15 22:39:56,859 [INFO] Scheduling next credential refresh in 1799.0 seconds
2026-04-15 22:40:21,278 [INFO] command processing is alive.
2026-04-15 22:45:21,786 [INFO] command processing is alive.
2026-04-15 22:50:22,314 [INFO] command processing is alive.
2026-04-15 22:55:22,737 [INFO] command processing is alive.
2026-04-15 23:00:23,118 [INFO] command processing is alive.
2026-04-15 23:05:23,514 [INFO] command processing is alive.
2026-04-15 23:09:55,859 [INFO] Refreshing listener credentials
2026-04-15 23:09:55,934 [INFO] Scheduling next credential refresh in 1799.0 seconds
2026-04-15 23:10:23,906 [INFO] command processing is alive.
2026-04-15 23:15:24,288 [INFO] command processing is alive.
2026-04-15 23:20:24,671 [INFO] command processing is alive.
2026-04-15 23:25:25,068 [INFO] command processing is alive.
2026-04-15 23:30:25,440 [INFO] command processing is alive.
2026-04-15 23:35:25,813 [INFO] command processing is alive.
2026-04-15 23:39:54,935 [INFO] Refreshing listener credentials
2026-04-15 23:39:55,027 [INFO] Scheduling next credential refresh in 1799.0 seconds
2026-04-15 23:40:26,202 [INFO] command processing is alive.
2026-04-15 23:45:26,590 [INFO] command processing is alive.
2026-04-15 23:50:27,007 [INFO] command processing is alive.
2026-04-15 23:55:27,385 [INFO] command processing is alive.
2026-04-16 00:00:27,755 [INFO] command processing is alive.
2026-04-16 00:05:28,142 [INFO] command processing is alive.
2026-04-16 00:09:54,027 [INFO] Refreshing listener credentials
2026-04-16 00:09:54,106 [INFO] Scheduling next credential refresh in 1799.0 seconds
2026-04-16 00:10:28,568 [INFO] command processing is alive.
2026-04-16 00:15:28,971 [INFO] command processing is alive.
2026-04-16 00:20:29,351 [INFO] command processing is alive.
2026-04-16 00:25:29,740 [INFO] command processing is alive.
2026-04-16 00:30:30,129 [INFO] command processing is alive.
2026-04-16 00:35:30,527 [INFO] command processing is alive.
2026-04-16 00:39:53,107 [INFO] Refreshing listener credentials
2026-04-16 00:39:53,190 [INFO] Scheduling next credential refresh in 1799.0 seconds
2026-04-16 00:40:30,905 [INFO] command processing is alive.
2026-04-16 00:45:31,292 [INFO] command processing is alive.
2026-04-16 00:50:31,691 [INFO] command processing is alive.
2026-04-16 00:55:32,099 [INFO] command processing is alive.
2026-04-16 01:00:32,502 [INFO] command processing is alive.
2026-04-16 01:05:32,883 [INFO] command processing is alive.
2026-04-16 01:09:52,191 [INFO] Refreshing listener credentials
2026-04-16 01:09:52,272 [INFO] Scheduling next credential refresh in 1799.0 seconds
2026-04-16 01:10:33,286 [INFO] command processing is alive.
2026-04-16 01:15:33,673 [INFO] command processing is alive.
2026-04-16 01:20:34,048 [INFO] command processing is alive.
2026-04-16 01:25:34,471 [INFO] command processing is alive.
2026-04-16 01:30:34,861 [INFO] command processing is alive.
2026-04-16 01:35:35,240 [INFO] command processing is alive.
2026-04-16 01:39:51,273 [INFO] Refreshing listener credentials
2026-04-16 01:39:51,359 [INFO] Scheduling next credential refresh in 1799.0 seconds
2026-04-16 01:40:35,628 [INFO] command processing is alive.
2026-04-16 01:45:36,023 [INFO] command processing is alive.
2026-04-16 01:50:36,417 [INFO] command processing is alive.
2026-04-16 01:55:36,807 [INFO] command processing is alive.
2026-04-16 02:00:37,203 [INFO] command processing is alive.
2026-04-16 02:05:37,595 [INFO] command processing is alive.
2026-04-16 02:09:50,360 [INFO] Refreshing listener credentials
2026-04-16 02:09:50,435 [INFO] Scheduling next credential refresh in 1799.0 seconds
2026-04-16 02:10:37,977 [INFO] command processing is alive.
2026-04-16 02:15:38,379 [INFO] command processing is alive.
2026-04-16 02:20:38,769 [INFO] command processing is alive.
2026-04-16 02:25:39,151 [INFO] command processing is alive.
2026-04-16 02:30:39,539 [INFO] command processing is alive.
2026-04-16 02:35:39,920 [INFO] command processing is alive.
2026-04-16 02:39:49,435 [INFO] Refreshing listener credentials
2026-04-16 02:39:49,537 [INFO] Scheduling next credential refresh in 1799.0 seconds
2026-04-16 02:40:40,376 [INFO] command processing is alive.
2026-04-16 02:45:40,755 [INFO] command processing is alive.
2026-04-16 02:50:41,146 [INFO] command processing is alive.
2026-04-16 02:55:41,607 [INFO] command processing is alive.
2026-04-16 03:00:42,243 [INFO] command processing is alive.
2026-04-16 03:05:42,647 [INFO] command processing is alive.
2026-04-16 03:09:48,537 [INFO] Refreshing listener credentials
2026-04-16 03:09:48,617 [INFO] Scheduling next credential refresh in 1799.0 seconds
2026-04-16 03:10:43,045 [INFO] command processing is alive.
2026-04-16 03:15:43,425 [INFO] command processing is alive.
2026-04-16 03:20:43,819 [INFO] command processing is alive.
2026-04-16 03:25:44,189 [INFO] command processing is alive.
2026-04-16 03:30:44,591 [INFO] command processing is alive.
2026-04-16 03:35:44,973 [INFO] command processing is alive.
2026-04-16 03:39:47,617 [INFO] Refreshing listener credentials
2026-04-16 03:39:47,693 [INFO] Scheduling next credential refresh in 1799.0 seconds
2026-04-16 03:40:45,366 [INFO] command processing is alive.
2026-04-16 03:45:45,758 [INFO] command processing is alive.
2026-04-16 03:50:46,159 [INFO] command processing is alive.
2026-04-16 03:55:46,555 [INFO] command processing is alive.
2026-04-16 04:00:46,950 [INFO] command processing is alive.
2026-04-16 04:05:47,381 [INFO] command processing is alive.
2026-04-16 04:09:46,694 [INFO] Refreshing listener credentials
2026-04-16 04:09:46,771 [INFO] Scheduling next credential refresh in 1799.0 seconds
2026-04-16 04:10:47,771 [INFO] command processing is alive.
2026-04-16 04:15:48,191 [INFO] command processing is alive.
2026-04-16 04:20:48,595 [INFO] command processing is alive.
2026-04-16 04:25:49,018 [INFO] command processing is alive.
2026-04-16 04:30:49,424 [INFO] command processing is alive.
2026-04-16 04:35:49,816 [INFO] command processing is alive.
2026-04-16 04:39:45,771 [INFO] Refreshing listener credentials
2026-04-16 04:39:45,852 [INFO] Scheduling next credential refresh in 1799.0 seconds
2026-04-16 04:40:50,242 [INFO] command processing is alive.
2026-04-16 04:45:50,646 [INFO] command processing is alive.
2026-04-16 04:50:51,043 [INFO] command processing is alive.
2026-04-16 04:55:51,442 [INFO] command processing is alive.
2026-04-16 05:00:51,834 [INFO] command processing is alive.
2026-04-16 05:05:52,225 [INFO] command processing is alive.
2026-04-16 05:09:44,853 [INFO] Refreshing listener credentials
2026-04-16 05:09:44,926 [INFO] Scheduling next credential refresh in 1799.0 seconds
2026-04-16 05:10:52,638 [INFO] command processing is alive.
2026-04-16 05:15:53,018 [INFO] command processing is alive.
2026-04-16 05:20:53,398 [INFO] command processing is alive.
2026-04-16 05:25:53,786 [INFO] command processing is alive.
2026-04-16 05:30:54,192 [INFO] command processing is alive.
2026-04-16 05:35:54,597 [INFO] command processing is alive.
2026-04-16 05:39:43,926 [INFO] Refreshing listener credentials
2026-04-16 05:39:44,037 [INFO] Scheduling next credential refresh in 1799.0 seconds
2026-04-16 05:40:54,975 [INFO] command processing is alive.
2026-04-16 05:45:55,372 [INFO] command processing is alive.
2026-04-16 05:50:55,759 [INFO] command processing is alive.
2026-04-16 05:55:56,156 [INFO] command processing is alive.
2026-04-16 06:00:56,546 [INFO] command processing is alive.
2026-04-16 06:05:56,936 [INFO] command processing is alive.
2026-04-16 06:09:43,037 [INFO] Refreshing listener credentials
2026-04-16 06:09:43,109 [INFO] Scheduling next credential refresh in 1799.0 seconds
2026-04-16 06:10:57,325 [INFO] command processing is alive.
2026-04-16 06:15:57,711 [INFO] command processing is alive.
2026-04-16 06:20:58,141 [INFO] command processing is alive.
2026-04-16 06:25:58,519 [INFO] command processing is alive.
2026-04-16 06:30:58,917 [INFO] command processing is alive.
2026-04-16 06:35:59,312 [INFO] command processing is alive.
2026-04-16 06:39:42,110 [INFO] Refreshing listener credentials
2026-04-16 06:39:42,191 [INFO] Scheduling next credential refresh in 1799.0 seconds
2026-04-16 06:40:59,682 [INFO] command processing is alive.
2026-04-16 06:46:00,062 [INFO] command processing is alive.
2026-04-16 06:51:00,483 [INFO] command processing is alive.
2026-04-16 06:56:00,866 [INFO] command processing is alive.
2026-04-16 07:01:01,271 [INFO] command processing is alive.
2026-04-16 07:06:01,720 [INFO] command processing is alive.
2026-04-16 07:09:41,192 [INFO] Refreshing listener credentials
2026-04-16 07:09:41,263 [INFO] Scheduling next credential refresh in 1799.0 seconds
2026-04-16 07:11:02,299 [INFO] command processing is alive.
2026-04-16 07:16:02,798 [INFO] command processing is alive.
2026-04-16 07:21:03,190 [INFO] command processing is alive.
2026-04-16 07:26:03,572 [INFO] command processing is alive.
2026-04-16 07:31:03,967 [INFO] command processing is alive.
2026-04-16 07:36:04,381 [INFO] command processing is alive.
2026-04-16 07:39:40,264 [INFO] Refreshing listener credentials
2026-04-16 07:39:40,345 [INFO] Scheduling next credential refresh in 1799.0 seconds
2026-04-16 07:41:04,788 [INFO] command processing is alive.
2026-04-16 07:46:05,237 [INFO] command processing is alive.
2026-04-16 07:51:05,622 [INFO] command processing is alive.
2026-04-16 07:56:06,008 [INFO] command processing is alive.
2026-04-16 08:01:06,415 [INFO] command processing is alive.
2026-04-16 08:06:06,817 [INFO] command processing is alive.
2026-04-16 08:09:39,345 [INFO] Refreshing listener credentials
2026-04-16 08:09:39,418 [INFO] Scheduling next credential refresh in 1799.0 seconds
2026-04-16 08:11:07,206 [INFO] command processing is alive.
2026-04-16 08:16:07,586 [INFO] command processing is alive.
2026-04-16 08:21:07,973 [INFO] command processing is alive.
2026-04-16 08:26:08,352 [INFO] command processing is alive.
2026-04-16 08:31:08,748 [INFO] command processing is alive.
2026-04-16 08:36:09,142 [INFO] command processing is alive.
2026-04-16 08:39:38,418 [INFO] Refreshing listener credentials
2026-04-16 08:39:38,484 [INFO] Scheduling next credential refresh in 1799.0 seconds
2026-04-16 08:41:09,518 [INFO] command processing is alive.
2026-04-16 08:46:09,890 [INFO] command processing is alive.
2026-04-16 08:51:10,290 [INFO] command processing is alive.
2026-04-16 08:56:10,669 [INFO] command processing is alive.
2026-04-16 09:01:11,068 [INFO] command processing is alive.
2026-04-16 09:06:11,484 [INFO] command processing is alive.
2026-04-16 09:09:37,485 [INFO] Refreshing listener credentials
2026-04-16 09:09:37,565 [INFO] Scheduling next credential refresh in 1799.0 seconds
2026-04-16 09:11:11,886 [INFO] command processing is alive.
2026-04-16 09:16:12,308 [INFO] command processing is alive.
2026-04-16 09:21:12,688 [INFO] command processing is alive.
2026-04-16 09:26:13,084 [INFO] command processing is alive.
2026-04-16 09:31:13,502 [INFO] command processing is alive.
2026-04-16 09:36:13,910 [INFO] command processing is alive.
2026-04-16 09:39:36,565 [INFO] Refreshing listener credentials
2026-04-16 09:39:36,645 [INFO] Scheduling next credential refresh in 1799.0 seconds
2026-04-16 09:41:14,298 [INFO] command processing is alive.
2026-04-16 09:46:14,705 [INFO] command processing is alive.
2026-04-16 09:51:15,112 [INFO] command processing is alive.
2026-04-16 09:56:15,514 [INFO] command processing is alive.
2026-04-16 10:01:15,902 [INFO] command processing is alive.
2026-04-16 10:06:16,281 [INFO] command processing is alive.
2026-04-16 10:09:35,645 [INFO] Refreshing listener credentials
2026-04-16 10:09:35,721 [INFO] Scheduling next credential refresh in 1799.0 seconds
2026-04-16 10:11:16,681 [INFO] command processing is alive.
2026-04-16 10:16:17,082 [INFO] command processing is alive.
2026-04-16 10:21:17,480 [INFO] command processing is alive.
2026-04-16 10:26:17,858 [INFO] command processing is alive.
2026-04-16 10:31:18,233 [INFO] command processing is alive.
2026-04-16 10:36:18,636 [INFO] command processing is alive.
2026-04-16 10:39:34,721 [INFO] Refreshing listener credentials
2026-04-16 10:39:34,800 [INFO] Scheduling next credential refresh in 1799.0 seconds
2026-04-16 10:41:19,026 [INFO] command processing is alive.
2026-04-16 10:46:19,419 [INFO] command processing is alive.
2026-04-16 10:51:19,811 [INFO] command processing is alive.
2026-04-16 10:56:20,242 [INFO] command processing is alive.
2026-04-16 11:01:20,636 [INFO] command processing is alive.
2026-04-16 11:06:21,043 [INFO] command processing is alive.
2026-04-16 11:09:33,801 [INFO] Refreshing listener credentials
2026-04-16 11:09:33,883 [INFO] Scheduling next credential refresh in 1799.0 seconds
2026-04-16 11:11:21,474 [INFO] command processing is alive.
2026-04-16 11:16:22,121 [INFO] command processing is alive.
2026-04-16 11:21:22,521 [INFO] command processing is alive.
2026-04-16 11:26:22,905 [INFO] command processing is alive.
2026-04-16 11:31:23,301 [INFO] command processing is alive.
2026-04-16 11:36:23,719 [INFO] command processing is alive.
2026-04-16 11:39:32,883 [INFO] Refreshing listener credentials
2026-04-16 11:39:32,962 [INFO] Scheduling next credential refresh in 1799.0 seconds
2026-04-16 11:41:24,111 [INFO] command processing is alive.
2026-04-16 11:46:24,507 [INFO] command processing is alive.
2026-04-16 11:51:24,929 [INFO] command processing is alive.
2026-04-16 11:56:25,319 [INFO] command processing is alive.
2026-04-16 12:01:25,714 [INFO] command processing is alive.
2026-04-16 12:06:26,083 [INFO] command processing is alive.
2026-04-16 12:09:31,962 [INFO] Refreshing listener credentials
2026-04-16 12:09:32,045 [INFO] Scheduling next credential refresh in 1799.0 seconds
2026-04-16 12:11:26,467 [INFO] command processing is alive.
2026-04-16 12:16:26,864 [INFO] command processing is alive.
2026-04-16 12:21:27,247 [INFO] command processing is alive.
2026-04-16 12:26:27,685 [INFO] command processing is alive.
2026-04-16 12:31:28,061 [INFO] command processing is alive.
2026-04-16 12:36:28,447 [INFO] command processing is alive.
2026-04-16 12:39:31,046 [INFO] Refreshing listener credentials
2026-04-16 12:39:31,128 [INFO] Scheduling next credential refresh in 1799.0 seconds
2026-04-16 12:41:28,853 [INFO] command processing is alive.
2026-04-16 12:46:29,228 [INFO] command processing is alive.
2026-04-16 12:51:29,623 [INFO] command processing is alive.
2026-04-16 12:56:30,025 [INFO] command processing is alive.
2026-04-16 13:01:30,406 [INFO] command processing is alive.
2026-04-16 13:06:30,786 [INFO] command processing is alive.
2026-04-16 13:09:30,129 [INFO] Refreshing listener credentials
2026-04-16 13:09:30,201 [INFO] Scheduling next credential refresh in 1799.0 seconds
2026-04-16 13:11:31,186 [INFO] command processing is alive.
2026-04-16 13:16:31,637 [INFO] command processing is alive.
2026-04-16 13:21:32,051 [INFO] command processing is alive.
2026-04-16 13:26:32,450 [INFO] command processing is alive.
2026-04-16 13:31:32,849 [INFO] command processing is alive.
2026-04-16 13:36:33,235 [INFO] command processing is alive.
2026-04-16 13:39:29,201 [INFO] Refreshing listener credentials
2026-04-16 13:39:29,291 [INFO] Scheduling next credential refresh in 1799.0 seconds
2026-04-16 13:41:33,625 [INFO] command processing is alive.
2026-04-16 13:46:34,014 [INFO] command processing is alive.
2026-04-16 13:51:34,423 [INFO] command processing is alive.
2026-04-16 13:56:34,807 [INFO] command processing is alive.
2026-04-16 14:01:35,203 [INFO] command processing is alive.
2026-04-16 14:06:35,624 [INFO] command processing is alive.
2026-04-16 14:09:28,291 [INFO] Refreshing listener credentials
2026-04-16 14:09:28,374 [INFO] Scheduling next credential refresh in 1799.0 seconds
2026-04-16 14:11:36,017 [INFO] command processing is alive.
2026-04-16 14:16:36,414 [INFO] command processing is alive.
2026-04-16 14:21:36,824 [INFO] command processing is alive.
2026-04-16 14:26:37,201 [INFO] command processing is alive.
2026-04-16 14:31:37,575 [INFO] command processing is alive.
2026-04-16 14:36:37,978 [INFO] command processing is alive.
2026-04-16 14:39:27,374 [INFO] Refreshing listener credentials
2026-04-16 14:39:27,451 [INFO] Scheduling next credential refresh in 1799.0 seconds
2026-04-16 14:41:38,381 [INFO] command processing is alive.
2026-04-16 14:46:38,765 [INFO] command processing is alive.
2026-04-16 14:51:39,140 [INFO] command processing is alive.
2026-04-16 14:56:39,528 [INFO] command processing is alive.
2026-04-16 15:01:39,924 [INFO] command processing is alive.
2026-04-16 15:06:40,371 [INFO] command processing is alive.
2026-04-16 15:09:26,452 [INFO] Refreshing listener credentials
2026-04-16 15:09:26,527 [INFO] Scheduling next credential refresh in 1799.0 seconds
2026-04-16 15:11:40,754 [INFO] command processing is alive.
2026-04-16 15:16:41,142 [INFO] command processing is alive.
2026-04-16 15:21:41,581 [INFO] command processing is alive.
2026-04-16 15:26:42,125 [INFO] command processing is alive.
2026-04-16 15:31:42,577 [INFO] command processing is alive.
2026-04-16 15:36:42,983 [INFO] command processing is alive.
2026-04-16 15:39:25,527 [INFO] Refreshing listener credentials
2026-04-16 15:39:25,597 [INFO] Scheduling next credential refresh in 1799.0 seconds
2026-04-16 15:41:43,373 [INFO] command processing is alive.
2026-04-16 15:46:43,773 [INFO] command processing is alive.
2026-04-16 15:51:44,157 [INFO] command processing is alive.
2026-04-16 15:56:44,558 [INFO] command processing is alive.
2026-04-16 16:01:44,962 [INFO] command processing is alive.
2026-04-16 16:06:45,338 [INFO] command processing is alive.
2026-04-16 16:09:24,597 [INFO] Refreshing listener credentials
2026-04-16 16:09:24,669 [INFO] Scheduling next credential refresh in 1799.0 seconds
2026-04-16 16:11:45,714 [INFO] command processing is alive.
2026-04-16 16:16:46,119 [INFO] command processing is alive.
2026-04-16 16:21:46,505 [INFO] command processing is alive.
2026-04-16 16:26:46,899 [INFO] command processing is alive.
2026-04-16 16:31:47,277 [INFO] command processing is alive.
2026-04-16 16:36:47,659 [INFO] command processing is alive.
2026-04-16 16:39:23,669 [INFO] Refreshing listener credentials
2026-04-16 16:39:23,745 [INFO] Scheduling next credential refresh in 1799.0 seconds
2026-04-16 16:41:48,049 [INFO] command processing is alive.
2026-04-16 16:46:48,422 [INFO] command processing is alive.
2026-04-16 16:51:48,814 [INFO] command processing is alive.
2026-04-16 16:56:49,211 [INFO] command processing is alive.
2026-04-16 17:01:49,602 [INFO] command processing is alive.
2026-04-16 17:06:49,999 [INFO] command processing is alive.
2026-04-16 17:09:22,745 [INFO] Refreshing listener credentials
2026-04-16 17:09:22,818 [INFO] Scheduling next credential refresh in 1799.0 seconds
2026-04-16 17:11:50,392 [INFO] command processing is alive.
2026-04-16 17:16:50,783 [INFO] command processing is alive.
2026-04-16 17:21:51,170 [INFO] command processing is alive.
2026-04-16 17:26:51,560 [INFO] command processing is alive.
2026-04-16 17:31:51,965 [INFO] command processing is alive.
2026-04-16 17:36:52,356 [INFO] command processing is alive.
2026-04-16 17:39:21,818 [INFO] Refreshing listener credentials
2026-04-16 17:39:21,893 [INFO] Scheduling next credential refresh in 1799.0 seconds
2026-04-16 17:41:52,755 [INFO] command processing is alive.
2026-04-16 17:46:53,150 [INFO] command processing is alive.
2026-04-16 17:51:53,563 [INFO] command processing is alive.
2026-04-16 17:56:53,966 [INFO] command processing is alive.
2026-04-16 18:01:54,385 [INFO] command processing is alive.
2026-04-16 18:06:54,782 [INFO] command processing is alive.
2026-04-16 18:09:20,893 [INFO] Refreshing listener credentials
2026-04-16 18:09:20,969 [INFO] Scheduling next credential refresh in 1799.0 seconds
2026-04-16 18:11:55,173 [INFO] command processing is alive.
2026-04-16 18:16:55,571 [INFO] command processing is alive.
2026-04-16 18:21:55,958 [INFO] command processing is alive.
2026-04-16 18:26:56,353 [INFO] command processing is alive.
2026-04-16 18:31:56,751 [INFO] command processing is alive.
2026-04-16 18:36:57,144 [INFO] command processing is alive.
2026-04-16 18:39:19,969 [INFO] Refreshing listener credentials
2026-04-16 18:39:20,046 [INFO] Scheduling next credential refresh in 1799.0 seconds
2026-04-16 18:41:57,539 [INFO] command processing is alive.
2026-04-16 18:46:57,927 [INFO] command processing is alive.
2026-04-16 18:51:58,326 [INFO] command processing is alive.
2026-04-16 18:56:58,723 [INFO] command processing is alive.
2026-04-16 19:01:59,105 [INFO] command processing is alive.
2026-04-16 19:06:59,486 [INFO] command processing is alive.
2026-04-16 19:09:19,046 [INFO] Refreshing listener credentials
2026-04-16 19:09:19,120 [INFO] Scheduling next credential refresh in 1799.0 seconds
2026-04-16 19:11:59,912 [INFO] command processing is alive.
2026-04-16 19:17:00,343 [INFO] command processing is alive.
2026-04-16 19:22:00,725 [INFO] command processing is alive.
2026-04-16 19:27:01,114 [INFO] command processing is alive.
2026-04-16 19:32:01,577 [INFO] command processing is alive.
2026-04-16 19:37:01,992 [INFO] command processing is alive.
2026-04-16 19:39:18,120 [INFO] Refreshing listener credentials
2026-04-16 19:39:18,214 [INFO] Scheduling next credential refresh in 1799.0 seconds
2026-04-16 19:42:02,425 [INFO] command processing is alive.
2026-04-16 19:47:02,877 [INFO] command processing is alive.
2026-04-16 19:52:03,279 [INFO] command processing is alive.
2026-04-16 19:57:03,674 [INFO] command processing is alive.
2026-04-16 20:02:04,073 [INFO] command processing is alive.
2026-04-16 20:07:04,471 [INFO] command processing is alive.
2026-04-16 20:09:17,214 [INFO] Refreshing listener credentials
2026-04-16 20:09:17,286 [INFO] Scheduling next credential refresh in 1799.0 seconds
2026-04-16 20:12:04,855 [INFO] command processing is alive.
2026-04-16 20:17:05,230 [INFO] command processing is alive.
2026-04-16 20:22:05,618 [INFO] command processing is alive.
2026-04-16 20:27:05,995 [INFO] command processing is alive.
2026-04-16 20:32:06,381 [INFO] command processing is alive.
2026-04-16 20:37:06,770 [INFO] command processing is alive.
2026-04-16 20:39:16,286 [INFO] Refreshing listener credentials
2026-04-16 20:39:16,379 [INFO] Scheduling next credential refresh in 1799.0 seconds
2026-04-16 20:42:07,147 [INFO] command processing is alive.
2026-04-16 20:47:07,529 [INFO] command processing is alive.
2026-04-16 20:52:07,911 [INFO] command processing is alive.
2026-04-16 20:57:08,294 [INFO] command processing is alive.
2026-04-16 21:02:08,685 [INFO] command processing is alive.
2026-04-16 21:07:09,061 [INFO] command processing is alive.
2026-04-16 21:09:15,379 [INFO] Refreshing listener credentials
2026-04-16 21:09:15,453 [INFO] Scheduling next credential refresh in 1799.0 seconds
2026-04-16 21:12:09,453 [INFO] command processing is alive.
2026-04-16 21:17:09,856 [INFO] command processing is alive.
2026-04-16 21:22:10,248 [INFO] command processing is alive.
2026-04-16 21:27:10,638 [INFO] command processing is alive.
2026-04-16 21:32:11,028 [INFO] command processing is alive.
2026-04-16 21:37:11,427 [INFO] command processing is alive.
2026-04-16 21:39:14,453 [INFO] Refreshing listener credentials
2026-04-16 21:39:14,532 [INFO] Scheduling next credential refresh in 1799.0 seconds
2026-04-16 21:42:11,807 [INFO] command processing is alive.
2026-04-16 21:47:12,242 [INFO] command processing is alive.
2026-04-16 21:52:12,627 [INFO] command processing is alive.
2026-04-16 21:57:13,027 [INFO] command processing is alive.
2026-04-16 22:02:13,428 [INFO] command processing is alive.
2026-04-16 22:07:13,824 [INFO] command processing is alive.
2026-04-16 22:09:13,532 [INFO] Refreshing listener credentials
2026-04-16 22:09:13,615 [INFO] Scheduling next credential refresh in 1799.0 seconds
2026-04-16 22:12:14,218 [INFO] command processing is alive.
2026-04-16 22:17:14,609 [INFO] command processing is alive.
2026-04-16 22:22:15,013 [INFO] command processing is alive.
2026-04-16 22:27:15,395 [INFO] command processing is alive.
2026-04-16 22:32:15,795 [INFO] command processing is alive.
2026-04-16 22:37:16,184 [INFO] command processing is alive.
2026-04-16 22:39:12,615 [INFO] Refreshing listener credentials
2026-04-16 22:39:12,695 [INFO] Scheduling next credential refresh in 1799.0 seconds
2026-04-16 22:42:16,603 [INFO] command processing is alive.
2026-04-16 22:47:17,002 [INFO] command processing is alive.
2026-04-16 22:52:17,391 [INFO] command processing is alive.
2026-04-16 22:57:17,772 [INFO] command processing is alive.
2026-04-16 23:02:18,153 [INFO] command processing is alive.
2026-04-16 23:07:18,531 [INFO] command processing is alive.
2026-04-16 23:09:11,695 [INFO] Refreshing listener credentials
2026-04-16 23:09:11,773 [INFO] Scheduling next credential refresh in 1799.0 seconds
2026-04-16 23:12:18,913 [INFO] command processing is alive.
2026-04-16 23:17:19,300 [INFO] command processing is alive.
2026-04-16 23:22:19,702 [INFO] command processing is alive.
2026-04-16 23:27:20,125 [INFO] command processing is alive.
2026-04-16 23:32:20,536 [INFO] command processing is alive.
2026-04-16 23:37:20,926 [INFO] command processing is alive.
2026-04-16 23:39:10,774 [INFO] Refreshing listener credentials
2026-04-16 23:39:10,845 [INFO] Scheduling next credential refresh in 1799.0 seconds
2026-04-16 23:42:21,323 [INFO] command processing is alive.
2026-04-16 23:47:21,802 [INFO] command processing is alive.
2026-04-16 23:52:22,350 [INFO] command processing is alive.
2026-04-16 23:57:22,775 [INFO] command processing is alive.
2026-04-17 00:02:23,258 [INFO] command processing is alive.
2026-04-17 00:07:23,660 [INFO] command processing is alive.
2026-04-17 00:09:09,845 [INFO] Refreshing listener credentials
2026-04-17 00:09:09,914 [INFO] Scheduling next credential refresh in 1799.0 seconds
2026-04-17 00:12:24,043 [INFO] command processing is alive.
2026-04-17 00:17:24,424 [INFO] command processing is alive.
2026-04-17 00:22:24,790 [INFO] command processing is alive.
2026-04-17 00:27:25,194 [INFO] command processing is alive.
2026-04-17 00:32:25,585 [INFO] command processing is alive.
2026-04-17 00:37:25,981 [INFO] command processing is alive.
2026-04-17 00:39:08,915 [INFO] Refreshing listener credentials
2026-04-17 00:39:08,997 [INFO] Scheduling next credential refresh in 1799.0 seconds
2026-04-17 00:42:26,386 [INFO] command processing is alive.
2026-04-17 00:47:26,756 [INFO] command processing is alive.
2026-04-17 00:52:27,158 [INFO] command processing is alive.
2026-04-17 00:57:27,557 [INFO] command processing is alive.
2026-04-17 01:02:27,959 [INFO] command processing is alive.
2026-04-17 01:07:28,343 [INFO] command processing is alive.
2026-04-17 01:09:07,997 [INFO] Refreshing listener credentials
2026-04-17 01:09:08,069 [INFO] Scheduling next credential refresh in 1799.0 seconds
2026-04-17 01:12:28,718 [INFO] command processing is alive.
2026-04-17 01:17:29,100 [INFO] command processing is alive.
2026-04-17 01:22:29,496 [INFO] command processing is alive.
2026-04-17 01:27:29,886 [INFO] command processing is alive.
2026-04-17 01:32:30,295 [INFO] command processing is alive.
2026-04-17 01:37:30,690 [INFO] command processing is alive.
2026-04-17 01:39:07,070 [INFO] Refreshing listener credentials
2026-04-17 01:39:07,142 [INFO] Scheduling next credential refresh in 1799.0 seconds
2026-04-17 01:42:31,092 [INFO] command processing is alive.
2026-04-17 01:47:31,503 [INFO] command processing is alive.
2026-04-17 01:52:31,895 [INFO] command processing is alive.
2026-04-17 01:57:32,299 [INFO] command processing is alive.
2026-04-17 02:02:32,708 [INFO] command processing is alive.
2026-04-17 02:07:33,102 [INFO] command processing is alive.
2026-04-17 02:09:06,143 [INFO] Refreshing listener credentials
2026-04-17 02:09:06,227 [INFO] Scheduling next credential refresh in 1799.0 seconds
2026-04-17 02:12:33,516 [INFO] command processing is alive.
2026-04-17 02:17:33,903 [INFO] command processing is alive.
2026-04-17 02:22:34,301 [INFO] command processing is alive.
2026-04-17 02:27:34,694 [INFO] command processing is alive.
2026-04-17 02:32:35,091 [INFO] command processing is alive.
2026-04-17 02:37:35,496 [INFO] command processing is alive.
2026-04-17 02:39:05,227 [INFO] Refreshing listener credentials
2026-04-17 02:39:05,305 [INFO] Scheduling next credential refresh in 1799.0 seconds
2026-04-17 02:42:35,902 [INFO] command processing is alive.
2026-04-17 02:47:36,286 [INFO] command processing is alive.
2026-04-17 02:52:36,671 [INFO] command processing is alive.
2026-04-17 02:57:37,075 [INFO] command processing is alive.
2026-04-17 03:02:37,468 [INFO] command processing is alive.
2026-04-17 03:07:37,856 [INFO] command processing is alive.
2026-04-17 03:09:04,305 [INFO] Refreshing listener credentials
2026-04-17 03:09:04,381 [INFO] Scheduling next credential refresh in 1799.0 seconds
2026-04-17 03:12:38,251 [INFO] command processing is alive.
2026-04-17 03:17:38,630 [INFO] command processing is alive.
2026-04-17 03:22:39,013 [INFO] command processing is alive.
2026-04-17 03:27:39,443 [INFO] command processing is alive.
2026-04-17 03:32:39,835 [INFO] command processing is alive.
2026-04-17 03:37:40,334 [INFO] command processing is alive.
2026-04-17 03:39:03,382 [INFO] Refreshing listener credentials
2026-04-17 03:39:03,455 [INFO] Scheduling next credential refresh in 1799.0 seconds
2026-04-17 03:42:40,754 [INFO] command processing is alive.
2026-04-17 03:47:41,130 [INFO] command processing is alive.
2026-04-17 03:52:41,615 [INFO] command processing is alive.
2026-04-17 03:57:42,096 [INFO] command processing is alive.
2026-04-17 04:02:42,656 [INFO] command processing is alive.
2026-04-17 04:07:43,053 [INFO] command processing is alive.
2026-04-17 04:09:02,456 [INFO] Refreshing listener credentials
2026-04-17 04:09:02,537 [INFO] Scheduling next credential refresh in 1799.0 seconds
2026-04-17 04:12:43,466 [INFO] command processing is alive.
2026-04-17 04:17:43,845 [INFO] command processing is alive.
2026-04-17 04:22:44,226 [INFO] command processing is alive.
2026-04-17 04:27:44,597 [INFO] command processing is alive.
2026-04-17 04:32:44,993 [INFO] command processing is alive.
2026-04-17 04:37:45,380 [INFO] command processing is alive.
2026-04-17 04:39:01,537 [INFO] Refreshing listener credentials
2026-04-17 04:39:01,626 [INFO] Scheduling next credential refresh in 1799.0 seconds
2026-04-17 04:42:45,748 [INFO] command processing is alive.
2026-04-17 04:47:46,131 [INFO] command processing is alive.
2026-04-17 04:52:46,506 [INFO] command processing is alive.
2026-04-17 04:57:46,911 [INFO] command processing is alive.
2026-04-17 05:02:47,291 [INFO] command processing is alive.
2026-04-17 05:07:47,680 [INFO] command processing is alive.
2026-04-17 05:09:00,627 [INFO] Refreshing listener credentials
2026-04-17 05:09:00,711 [INFO] Scheduling next credential refresh in 1799.0 seconds
2026-04-17 05:12:48,070 [INFO] command processing is alive.
2026-04-17 05:17:48,450 [INFO] command processing is alive.
2026-04-17 05:22:48,848 [INFO] command processing is alive.
2026-04-17 05:27:49,240 [INFO] command processing is alive.
2026-04-17 05:32:49,627 [INFO] command processing is alive.
2026-04-17 05:37:50,006 [INFO] command processing is alive.
2026-04-17 05:38:59,712 [INFO] Refreshing listener credentials
2026-04-17 05:38:59,794 [INFO] Scheduling next credential refresh in 1799.0 seconds
2026-04-17 05:42:50,400 [INFO] command processing is alive.
2026-04-17 05:47:50,793 [INFO] command processing is alive.
2026-04-17 05:52:51,189 [INFO] command processing is alive.
2026-04-17 05:57:51,624 [INFO] command processing is alive.
2026-04-17 06:02:52,001 [INFO] command processing is alive.
2026-04-17 06:07:52,415 [INFO] command processing is alive.
2026-04-17 06:08:58,794 [INFO] Refreshing listener credentials
2026-04-17 06:08:58,867 [INFO] Scheduling next credential refresh in 1799.0 seconds
2026-04-17 06:12:52,810 [INFO] command processing is alive.
2026-04-17 06:17:53,206 [INFO] command processing is alive.
2026-04-17 06:22:53,588 [INFO] command processing is alive.
2026-04-17 06:27:54,014 [INFO] command processing is alive.
2026-04-17 06:32:54,438 [INFO] command processing is alive.
2026-04-17 06:37:54,816 [INFO] command processing is alive.
2026-04-17 06:38:57,868 [INFO] Refreshing listener credentials
2026-04-17 06:38:57,939 [INFO] Scheduling next credential refresh in 1799.0 seconds
2026-04-17 06:42:55,267 [INFO] command processing is alive.
2026-04-17 06:47:55,660 [INFO] command processing is alive.
2026-04-17 06:52:56,074 [INFO] command processing is alive.
2026-04-17 06:57:56,458 [INFO] command processing is alive.
2026-04-17 07:02:56,865 [INFO] command processing is alive.
2026-04-17 07:07:57,238 [INFO] command processing is alive.
2026-04-17 07:08:56,940 [INFO] Refreshing listener credentials
2026-04-17 07:08:57,020 [INFO] Scheduling next credential refresh in 1799.0 seconds
2026-04-17 07:12:57,630 [INFO] command processing is alive.
2026-04-17 07:17:58,014 [INFO] command processing is alive.
2026-04-17 07:22:58,435 [INFO] command processing is alive.
2026-04-17 07:27:58,824 [INFO] command processing is alive.
2026-04-17 07:32:59,220 [INFO] command processing is alive.
2026-04-17 07:37:59,614 [INFO] command processing is alive.
2026-04-17 07:38:56,021 [INFO] Refreshing listener credentials
2026-04-17 07:38:56,094 [INFO] Scheduling next credential refresh in 1799.0 seconds
2026-04-17 07:42:59,995 [INFO] command processing is alive.
2026-04-17 07:48:00,422 [INFO] command processing is alive.
2026-04-17 07:53:00,814 [INFO] command processing is alive.
2026-04-17 07:58:01,196 [INFO] command processing is alive.
2026-04-17 08:03:01,709 [INFO] command processing is alive.
2026-04-17 08:08:02,197 [INFO] command processing is alive.
2026-04-17 08:08:55,095 [INFO] Refreshing listener credentials
2026-04-17 08:08:55,182 [INFO] Scheduling next credential refresh in 1799.0 seconds
2026-04-17 08:13:02,648 [INFO] command processing is alive.
2026-04-17 08:18:03,041 [INFO] command processing is alive.
2026-04-17 08:23:03,438 [INFO] command processing is alive.
2026-04-17 08:28:03,816 [INFO] command processing is alive.
2026-04-17 08:33:04,218 [INFO] command processing is alive.
2026-04-17 08:38:04,623 [INFO] command processing is alive.
2026-04-17 08:38:54,183 [INFO] Refreshing listener credentials
2026-04-17 08:38:54,276 [INFO] Scheduling next credential refresh in 1799.0 seconds
2026-04-17 08:43:05,014 [INFO] command processing is alive.
2026-04-17 08:48:05,432 [INFO] command processing is alive.
2026-04-17 08:53:05,849 [INFO] command processing is alive.
2026-04-17 08:58:06,244 [INFO] command processing is alive.
2026-04-17 09:03:06,633 [INFO] command processing is alive.
2026-04-17 09:08:07,008 [INFO] command processing is alive.
2026-04-17 09:08:53,276 [INFO] Refreshing listener credentials
2026-04-17 09:08:53,356 [INFO] Scheduling next credential refresh in 1799.0 seconds
2026-04-17 09:13:07,385 [INFO] command processing is alive.
2026-04-17 09:18:07,756 [INFO] command processing is alive.
2026-04-17 09:23:08,133 [INFO] command processing is alive.
2026-04-17 09:28:08,521 [INFO] command processing is alive.
2026-04-17 09:33:08,927 [INFO] command processing is alive.
2026-04-17 09:38:09,334 [INFO] command processing is alive.
2026-04-17 09:38:52,356 [INFO] Refreshing listener credentials
2026-04-17 09:38:52,424 [INFO] Scheduling next credential refresh in 1799.0 seconds
2026-04-17 09:43:09,719 [INFO] command processing is alive.
2026-04-17 09:48:10,113 [INFO] command processing is alive.
2026-04-17 09:53:10,515 [INFO] command processing is alive.
2026-04-17 09:58:10,901 [INFO] command processing is alive.
2026-04-17 10:03:11,309 [INFO] command processing is alive.
2026-04-17 10:08:11,722 [INFO] command processing is alive.
2026-04-17 10:08:51,424 [INFO] Refreshing listener credentials
2026-04-17 10:08:51,515 [INFO] Scheduling next credential refresh in 1799.0 seconds
2026-04-17 10:13:12,104 [INFO] command processing is alive.
2026-04-17 10:18:12,481 [INFO] command processing is alive.
2026-04-17 10:23:12,875 [INFO] command processing is alive.
2026-04-17 10:28:13,295 [INFO] command processing is alive.
2026-04-17 10:33:13,688 [INFO] command processing is alive.
2026-04-17 10:38:14,097 [INFO] command processing is alive.
2026-04-17 10:38:50,515 [INFO] Refreshing listener credentials
2026-04-17 10:38:50,606 [INFO] Scheduling next credential refresh in 1799.0 seconds
2026-04-17 10:43:14,488 [INFO] command processing is alive.
2026-04-17 10:48:14,901 [INFO] command processing is alive.
2026-04-17 10:53:15,278 [INFO] command processing is alive.
2026-04-17 10:58:15,672 [INFO] command processing is alive.
2026-04-17 11:03:16,062 [INFO] command processing is alive.
2026-04-17 11:08:16,468 [INFO] command processing is alive.
2026-04-17 11:08:49,606 [INFO] Refreshing listener credentials
2026-04-17 11:08:49,679 [INFO] Scheduling next credential refresh in 1799.0 seconds
2026-04-17 11:13:16,863 [INFO] command processing is alive.
2026-04-17 11:18:17,255 [INFO] command processing is alive.
2026-04-17 11:23:17,633 [INFO] command processing is alive.
2026-04-17 11:28:18,012 [INFO] command processing is alive.
2026-04-17 11:33:18,423 [INFO] command processing is alive.
2026-04-17 11:38:18,800 [INFO] command processing is alive.
2026-04-17 11:38:48,679 [INFO] Refreshing listener credentials
2026-04-17 11:38:48,760 [INFO] Scheduling next credential refresh in 1799.0 seconds
2026-04-17 11:43:19,182 [INFO] command processing is alive.
2026-04-17 11:48:19,578 [INFO] command processing is alive.
2026-04-17 11:53:19,972 [INFO] command processing is alive.
2026-04-17 11:58:20,433 [INFO] command processing is alive.
2026-04-17 12:03:20,844 [INFO] command processing is alive.
2026-04-17 12:08:21,237 [INFO] command processing is alive.
2026-04-17 12:08:47,760 [INFO] Refreshing listener credentials
2026-04-17 12:08:47,834 [INFO] Scheduling next credential refresh in 1799.0 seconds
2026-04-17 12:13:21,780 [INFO] command processing is alive.
2026-04-17 12:18:22,265 [INFO] command processing is alive.
2026-04-17 12:23:22,650 [INFO] command processing is alive.
2026-04-17 12:28:23,044 [INFO] command processing is alive.
2026-04-17 12:33:23,453 [INFO] command processing is alive.
2026-04-17 12:38:23,857 [INFO] command processing is alive.
2026-04-17 12:38:46,835 [INFO] Refreshing listener credentials
2026-04-17 12:38:46,912 [INFO] Scheduling next credential refresh in 1799.0 seconds
2026-04-17 12:43:24,246 [INFO] command processing is alive.
2026-04-17 12:48:24,636 [INFO] command processing is alive.
2026-04-17 12:53:25,016 [INFO] command processing is alive.
2026-04-17 12:58:25,401 [INFO] command processing is alive.
2026-04-17 13:03:25,799 [INFO] command processing is alive.
2026-04-17 13:08:26,184 [INFO] command processing is alive.
2026-04-17 13:08:45,913 [INFO] Refreshing listener credentials
2026-04-17 13:08:45,988 [INFO] Scheduling next credential refresh in 1799.0 seconds
2026-04-17 13:13:26,568 [INFO] command processing is alive.
2026-04-17 13:18:26,950 [INFO] command processing is alive.
2026-04-17 13:23:27,334 [INFO] command processing is alive.
2026-04-17 13:28:27,719 [INFO] command processing is alive.
2026-04-17 13:33:28,103 [INFO] command processing is alive.
2026-04-17 13:38:28,479 [INFO] command processing is alive.
2026-04-17 13:38:44,988 [INFO] Refreshing listener credentials
2026-04-17 13:38:45,062 [INFO] Scheduling next credential refresh in 1799.0 seconds
2026-04-17 13:43:28,863 [INFO] command processing is alive.
2026-04-17 13:48:29,255 [INFO] command processing is alive.
2026-04-17 13:53:29,636 [INFO] command processing is alive.
2026-04-17 13:58:30,008 [INFO] command processing is alive.
2026-04-17 14:03:30,403 [INFO] command processing is alive.
2026-04-17 14:08:30,790 [INFO] command processing is alive.
2026-04-17 14:08:44,063 [INFO] Refreshing listener credentials
2026-04-17 14:08:44,159 [INFO] Scheduling next credential refresh in 1799.0 seconds
2026-04-17 14:13:31,198 [INFO] command processing is alive.
2026-04-17 14:18:31,595 [INFO] command processing is alive.
2026-04-17 14:23:31,998 [INFO] command processing is alive.
2026-04-17 14:28:32,399 [INFO] command processing is alive.
2026-04-17 14:33:32,796 [INFO] command processing is alive.
2026-04-17 14:38:33,217 [INFO] command processing is alive.
2026-04-17 14:38:43,160 [INFO] Refreshing listener credentials
2026-04-17 14:38:43,238 [INFO] Scheduling next credential refresh in 1799.0 seconds
2026-04-17 14:43:33,618 [INFO] command processing is alive.
2026-04-17 14:48:34,013 [INFO] command processing is alive.
2026-04-17 14:53:34,414 [INFO] command processing is alive.
2026-04-17 14:58:34,830 [INFO] command processing is alive.
2026-04-17 15:03:35,220 [INFO] command processing is alive.
2026-04-17 15:08:35,646 [INFO] command processing is alive.
2026-04-17 15:08:42,238 [INFO] Refreshing listener credentials
2026-04-17 15:08:42,306 [INFO] Scheduling next credential refresh in 1799.0 seconds
2026-04-17 15:13:36,030 [INFO] command processing is alive.
2026-04-17 15:18:36,432 [INFO] command processing is alive.
2026-04-17 15:23:36,808 [INFO] command processing is alive.
2026-04-17 15:28:37,190 [INFO] command processing is alive.
2026-04-17 15:33:37,561 [INFO] command processing is alive.
2026-04-17 15:38:37,945 [INFO] command processing is alive.
2026-04-17 15:38:41,307 [INFO] Refreshing listener credentials
2026-04-17 15:38:41,376 [INFO] Scheduling next credential refresh in 1799.0 seconds
2026-04-17 15:43:38,331 [INFO] command processing is alive.
2026-04-17 15:48:38,719 [INFO] command processing is alive.
2026-04-17 15:53:39,106 [INFO] command processing is alive.
2026-04-17 15:58:39,487 [INFO] command processing is alive.
2026-04-17 16:03:39,875 [INFO] command processing is alive.
2026-04-17 16:08:40,305 [INFO] command processing is alive.
2026-04-17 16:08:40,377 [INFO] Refreshing listener credentials
2026-04-17 16:08:40,455 [INFO] Scheduling next credential refresh in 1799.0 seconds
2026-04-17 16:13:40,733 [INFO] command processing is alive.
2026-04-17 16:18:41,119 [INFO] command processing is alive.
2026-04-17 16:23:41,601 [INFO] command processing is alive.
2026-04-17 16:28:42,107 [INFO] command processing is alive.
2026-04-17 16:33:42,760 [INFO] command processing is alive.
2026-04-17 16:38:39,455 [INFO] Refreshing listener credentials
2026-04-17 16:38:39,540 [INFO] Scheduling next credential refresh in 1799.0 seconds
2026-04-17 16:38:43,149 [INFO] command processing is alive.
2026-04-17 16:43:43,540 [INFO] command processing is alive.
2026-04-17 16:48:43,933 [INFO] command processing is alive.
2026-04-17 16:53:44,334 [INFO] command processing is alive.
2026-04-17 16:58:44,716 [INFO] command processing is alive.
2026-04-17 17:03:45,097 [INFO] command processing is alive.
2026-04-17 17:08:38,541 [INFO] Refreshing listener credentials
2026-04-17 17:08:38,625 [INFO] Scheduling next credential refresh in 1799.0 seconds
2026-04-17 17:08:45,497 [INFO] command processing is alive.
2026-04-17 17:13:45,877 [INFO] command processing is alive.
2026-04-17 17:18:46,261 [INFO] command processing is alive.
2026-04-17 17:23:46,643 [INFO] command processing is alive.
2026-04-17 17:28:47,028 [INFO] command processing is alive.
2026-04-17 17:33:47,416 [INFO] command processing is alive.
2026-04-17 17:38:37,626 [INFO] Refreshing listener credentials
2026-04-17 17:38:37,697 [INFO] Scheduling next credential refresh in 1799.0 seconds
2026-04-17 17:38:47,814 [INFO] command processing is alive.
2026-04-17 17:43:48,194 [INFO] command processing is alive.
2026-04-17 17:48:48,591 [INFO] command processing is alive.
2026-04-17 17:53:49,001 [INFO] command processing is alive.
2026-04-17 17:58:49,388 [INFO] command processing is alive.
2026-04-17 18:03:49,769 [INFO] command processing is alive.
2026-04-17 18:08:36,697 [INFO] Refreshing listener credentials
2026-04-17 18:08:36,770 [INFO] Scheduling next credential refresh in 1799.0 seconds
2026-04-17 18:08:50,154 [INFO] command processing is alive.
2026-04-17 18:13:50,583 [INFO] command processing is alive.
2026-04-17 18:18:50,971 [INFO] command processing is alive.
2026-04-17 18:23:51,358 [INFO] command processing is alive.
2026-04-17 18:28:51,755 [INFO] command processing is alive.
2026-04-17 18:33:52,139 [INFO] command processing is alive.
2026-04-17 18:38:35,771 [INFO] Refreshing listener credentials
2026-04-17 18:38:35,838 [INFO] Scheduling next credential refresh in 1799.0 seconds
2026-04-17 18:38:52,532 [INFO] command processing is alive.
2026-04-17 18:43:52,928 [INFO] command processing is alive.
2026-04-17 18:48:53,339 [INFO] command processing is alive.
2026-04-17 18:53:53,735 [INFO] command processing is alive.
2026-04-17 18:58:54,121 [INFO] command processing is alive.
2026-04-17 19:03:54,544 [INFO] command processing is alive.
2026-04-17 19:08:34,838 [INFO] Refreshing listener credentials
2026-04-17 19:08:34,916 [INFO] Scheduling next credential refresh in 1799.0 seconds
2026-04-17 19:08:54,972 [INFO] command processing is alive.
2026-04-17 19:13:55,388 [INFO] command processing is alive.
2026-04-17 19:18:55,789 [INFO] command processing is alive.
2026-04-17 19:23:56,192 [INFO] command processing is alive.
2026-04-17 19:28:56,586 [INFO] command processing is alive.
2026-04-17 19:33:56,981 [INFO] command processing is alive.
2026-04-17 19:38:33,917 [INFO] Refreshing listener credentials
2026-04-17 19:38:33,988 [INFO] Scheduling next credential refresh in 1799.0 seconds
2026-04-17 19:38:57,373 [INFO] command processing is alive.
2026-04-17 19:43:57,747 [INFO] command processing is alive.
2026-04-17 19:48:58,134 [INFO] command processing is alive.
2026-04-17 19:53:58,521 [INFO] command processing is alive.
2026-04-17 19:58:58,937 [INFO] command processing is alive.
2026-04-17 20:03:59,318 [INFO] command processing is alive.
2026-04-17 20:08:32,989 [INFO] Refreshing listener credentials
2026-04-17 20:08:33,070 [INFO] Scheduling next credential refresh in 1799.0 seconds
2026-04-17 20:08:59,706 [INFO] command processing is alive.
2026-04-17 20:14:00,132 [INFO] command processing is alive.
2026-04-17 20:19:00,549 [INFO] command processing is alive.
2026-04-17 20:24:00,940 [INFO] command processing is alive.
2026-04-17 20:29:01,360 [INFO] command processing is alive.
2026-04-17 20:34:01,791 [INFO] command processing is alive.
2026-04-17 20:38:32,070 [INFO] Refreshing listener credentials
2026-04-17 20:38:32,151 [INFO] Scheduling next credential refresh in 1799.0 seconds
2026-04-17 20:39:02,321 [INFO] command processing is alive.
2026-04-17 20:44:02,729 [INFO] command processing is alive.
2026-04-17 20:49:03,120 [INFO] command processing is alive.
2026-04-17 20:54:03,510 [INFO] command processing is alive.
2026-04-17 20:59:03,882 [INFO] command processing is alive.
2026-04-17 21:04:04,289 [INFO] command processing is alive.
2026-04-17 21:08:31,151 [INFO] Refreshing listener credentials
2026-04-17 21:08:31,226 [INFO] Scheduling next credential refresh in 1799.0 seconds
2026-04-17 21:09:04,681 [INFO] command processing is alive.
2026-04-17 21:14:05,063 [INFO] command processing is alive.
2026-04-17 21:19:05,441 [INFO] command processing is alive.
2026-04-17 21:24:05,875 [INFO] command processing is alive.
2026-04-17 21:29:06,245 [INFO] command processing is alive.
2026-04-17 21:34:06,618 [INFO] command processing is alive.
2026-04-17 21:38:30,226 [INFO] Refreshing listener credentials
2026-04-17 21:38:30,299 [INFO] Scheduling next credential refresh in 1799.0 seconds
2026-04-17 21:39:06,998 [INFO] command processing is alive.
2026-04-17 21:44:07,417 [INFO] command processing is alive.
2026-04-17 21:49:07,785 [INFO] command processing is alive.
2026-04-17 21:54:08,158 [INFO] command processing is alive.
2026-04-17 21:59:08,538 [INFO] command processing is alive.
2026-04-17 22:04:08,906 [INFO] command processing is alive.
2026-04-17 22:08:29,300 [INFO] Refreshing listener credentials
2026-04-17 22:08:29,379 [INFO] Scheduling next credential refresh in 1799.0 seconds
2026-04-17 22:09:09,301 [INFO] command processing is alive.
2026-04-17 22:14:09,696 [INFO] command processing is alive.
2026-04-17 22:19:10,114 [INFO] command processing is alive.
2026-04-17 22:24:10,496 [INFO] command processing is alive.
2026-04-17 22:29:10,884 [INFO] command processing is alive.
2026-04-17 22:34:11,288 [INFO] command processing is alive.
2026-04-17 22:38:28,380 [INFO] Refreshing listener credentials
2026-04-17 22:38:28,459 [INFO] Scheduling next credential refresh in 1799.0 seconds
2026-04-17 22:39:11,679 [INFO] command processing is alive.
2026-04-17 22:44:12,062 [INFO] command processing is alive.
2026-04-17 22:49:12,453 [INFO] command processing is alive.
2026-04-17 22:54:12,863 [INFO] command processing is alive.
2026-04-17 22:59:13,232 [INFO] command processing is alive.
2026-04-17 23:04:13,611 [INFO] command processing is alive.
2026-04-17 23:08:27,460 [INFO] Refreshing listener credentials
2026-04-17 23:08:27,535 [INFO] Scheduling next credential refresh in 1799.0 seconds
2026-04-17 23:09:13,998 [INFO] command processing is alive.
2026-04-17 23:14:14,396 [INFO] command processing is alive.
2026-04-17 23:19:14,792 [INFO] command processing is alive.
2026-04-17 23:24:15,224 [INFO] command processing is alive.
2026-04-17 23:29:15,617 [INFO] command processing is alive.
2026-04-17 23:34:16,000 [INFO] command processing is alive.
2026-04-17 23:38:26,535 [INFO] Refreshing listener credentials
2026-04-17 23:38:26,605 [INFO] Scheduling next credential refresh in 1799.0 seconds
2026-04-17 23:39:16,393 [INFO] command processing is alive.
2026-04-17 23:44:16,798 [INFO] command processing is alive.
2026-04-17 23:49:17,177 [INFO] command processing is alive.
2026-04-17 23:54:17,580 [INFO] command processing is alive.
2026-04-17 23:59:17,963 [INFO] command processing is alive.
2026-04-18 00:04:18,342 [INFO] command processing is alive.
2026-04-18 00:08:25,605 [INFO] Refreshing listener credentials
2026-04-18 00:08:25,675 [INFO] Scheduling next credential refresh in 1799.0 seconds
2026-04-18 00:09:18,731 [INFO] command processing is alive.
2026-04-18 00:14:19,103 [INFO] command processing is alive.
2026-04-18 00:19:19,491 [INFO] command processing is alive.
2026-04-18 00:24:19,877 [INFO] command processing is alive.
2026-04-18 00:29:20,345 [INFO] command processing is alive.
2026-04-18 00:34:20,739 [INFO] command processing is alive.
2026-04-18 00:38:24,675 [INFO] Refreshing listener credentials
2026-04-18 00:38:24,749 [INFO] Scheduling next credential refresh in 1799.0 seconds
2026-04-18 00:39:21,129 [INFO] command processing is alive.
2026-04-18 00:44:21,584 [INFO] command processing is alive.
2026-04-18 00:49:21,990 [INFO] command processing is alive.
2026-04-18 00:54:22,436 [INFO] command processing is alive.
2026-04-18 00:59:22,826 [INFO] command processing is alive.
2026-04-18 01:04:23,345 [INFO] command processing is alive.
2026-04-18 01:08:23,749 [INFO] Refreshing listener credentials
2026-04-18 01:08:23,822 [INFO] Scheduling next credential refresh in 1799.0 seconds
2026-04-18 01:09:23,733 [INFO] command processing is alive.
2026-04-18 01:14:24,112 [INFO] command processing is alive.
2026-04-18 01:19:24,499 [INFO] command processing is alive.
2026-04-18 01:24:24,887 [INFO] command processing is alive.
2026-04-18 01:29:25,276 [INFO] command processing is alive.
2026-04-18 01:34:25,674 [INFO] command processing is alive.
2026-04-18 01:38:22,822 [INFO] Refreshing listener credentials
2026-04-18 01:38:22,890 [INFO] Scheduling next credential refresh in 1799.0 seconds
2026-04-18 01:39:26,055 [INFO] command processing is alive.
2026-04-18 01:44:26,437 [INFO] command processing is alive.
2026-04-18 01:49:26,821 [INFO] command processing is alive.
2026-04-18 01:54:27,198 [INFO] command processing is alive.
2026-04-18 01:59:27,583 [INFO] command processing is alive.
2026-04-18 02:04:27,963 [INFO] command processing is alive.
2026-04-18 02:08:21,890 [INFO] Refreshing listener credentials
2026-04-18 02:08:21,963 [INFO] Scheduling next credential refresh in 1799.0 seconds
2026-04-18 02:09:28,343 [INFO] command processing is alive.
2026-04-18 02:14:28,746 [INFO] command processing is alive.
2026-04-18 02:19:29,134 [INFO] command processing is alive.
2026-04-18 02:24:29,514 [INFO] command processing is alive.
2026-04-18 02:29:29,900 [INFO] command processing is alive.
2026-04-18 02:34:30,274 [INFO] command processing is alive.
2026-04-18 02:38:20,964 [INFO] Refreshing listener credentials
2026-04-18 02:38:21,038 [INFO] Scheduling next credential refresh in 1799.0 seconds
2026-04-18 02:39:30,685 [INFO] command processing is alive.
2026-04-18 02:44:31,094 [INFO] command processing is alive.
2026-04-18 02:49:31,478 [INFO] command processing is alive.
2026-04-18 02:54:31,862 [INFO] command processing is alive.
2026-04-18 02:59:32,271 [INFO] command processing is alive.
2026-04-18 03:04:32,713 [INFO] command processing is alive.
2026-04-18 03:08:20,038 [INFO] Refreshing listener credentials
2026-04-18 03:08:20,107 [INFO] Scheduling next credential refresh in 1799.0 seconds
2026-04-18 03:09:33,108 [INFO] command processing is alive.
2026-04-18 03:14:33,516 [INFO] command processing is alive.
2026-04-18 03:19:33,895 [INFO] command processing is alive.
2026-04-18 03:24:34,275 [INFO] command processing is alive.
2026-04-18 03:29:34,672 [INFO] command processing is alive.
2026-04-18 03:34:35,060 [INFO] command processing is alive.
2026-04-18 03:38:19,108 [INFO] Refreshing listener credentials
2026-04-18 03:38:19,177 [INFO] Scheduling next credential refresh in 1799.0 seconds
2026-04-18 03:39:35,463 [INFO] command processing is alive.
2026-04-18 03:44:35,860 [INFO] command processing is alive.
2026-04-18 03:49:36,254 [INFO] command processing is alive.
2026-04-18 03:54:36,682 [INFO] command processing is alive.
2026-04-18 03:59:37,068 [INFO] command processing is alive.
2026-04-18 04:04:37,501 [INFO] command processing is alive.
2026-04-18 04:08:18,177 [INFO] Refreshing listener credentials
2026-04-18 04:08:18,252 [INFO] Scheduling next credential refresh in 1799.0 seconds
2026-04-18 04:09:37,894 [INFO] command processing is alive.
2026-04-18 04:14:38,277 [INFO] command processing is alive.
2026-04-18 04:19:38,662 [INFO] command processing is alive.
2026-04-18 04:24:39,031 [INFO] command processing is alive.
2026-04-18 04:29:39,420 [INFO] command processing is alive.
2026-04-18 04:34:39,806 [INFO] command processing is alive.
2026-04-18 04:38:17,253 [INFO] Refreshing listener credentials
2026-04-18 04:38:17,359 [INFO] Scheduling next credential refresh in 1799.0 seconds
2026-04-18 04:39:40,218 [INFO] command processing is alive.
2026-04-18 04:44:40,622 [INFO] command processing is alive.
2026-04-18 04:49:41,015 [INFO] command processing is alive.
2026-04-18 04:54:41,444 [INFO] command processing is alive.
2026-04-18 04:59:41,885 [INFO] command processing is alive.
2026-04-18 05:04:42,377 [INFO] command processing is alive.
2026-04-18 05:08:16,359 [INFO] Refreshing listener credentials
2026-04-18 05:08:16,454 [INFO] Scheduling next credential refresh in 1799.0 seconds
2026-04-18 05:09:42,819 [INFO] command processing is alive.
2026-04-18 05:14:43,204 [INFO] command processing is alive.
2026-04-18 05:19:43,602 [INFO] command processing is alive.
2026-04-18 05:24:43,981 [INFO] command processing is alive.
2026-04-18 05:29:44,370 [INFO] command processing is alive.
2026-04-18 05:34:44,758 [INFO] command processing is alive.
2026-04-18 05:38:15,455 [INFO] Refreshing listener credentials
2026-04-18 05:38:15,531 [INFO] Scheduling next credential refresh in 1799.0 seconds
2026-04-18 05:39:45,133 [INFO] command processing is alive.
2026-04-18 05:44:45,518 [INFO] command processing is alive.
2026-04-18 05:49:45,926 [INFO] command processing is alive.
2026-04-18 05:54:46,314 [INFO] command processing is alive.
2026-04-18 05:59:46,702 [INFO] command processing is alive.
2026-04-18 06:04:47,074 [INFO] command processing is alive.
2026-04-18 06:08:14,532 [INFO] Refreshing listener credentials
2026-04-18 06:08:14,606 [INFO] Scheduling next credential refresh in 1799.0 seconds
2026-04-18 06:09:47,512 [INFO] command processing is alive.
2026-04-18 06:14:47,904 [INFO] command processing is alive.
2026-04-18 06:19:48,301 [INFO] command processing is alive.
2026-04-18 06:24:48,697 [INFO] command processing is alive.
2026-04-18 06:29:49,128 [INFO] command processing is alive.
2026-04-18 06:34:49,517 [INFO] command processing is alive.
2026-04-18 06:38:13,607 [INFO] Refreshing listener credentials
2026-04-18 06:38:13,678 [INFO] Scheduling next credential refresh in 1799.0 seconds
2026-04-18 06:39:49,890 [INFO] command processing is alive.
2026-04-18 06:44:50,278 [INFO] command processing is alive.
2026-04-18 06:49:50,683 [INFO] command processing is alive.
2026-04-18 06:54:55,201 [INFO] command processing is alive.
2026-04-18 06:59:55,590 [INFO] command processing is alive.
2026-04-18 07:04:55,982 [INFO] command processing is alive.
2026-04-18 07:08:12,678 [INFO] Refreshing listener credentials
2026-04-18 07:08:12,764 [INFO] Scheduling next credential refresh in 1799.0 seconds
2026-04-18 07:09:56,402 [INFO] command processing is alive.
2026-04-18 07:14:56,789 [INFO] command processing is alive.
2026-04-18 07:19:57,187 [INFO] command processing is alive.
2026-04-18 07:24:57,569 [INFO] command processing is alive.
2026-04-18 07:29:57,957 [INFO] command processing is alive.
2026-04-18 07:34:58,342 [INFO] command processing is alive.
2026-04-18 07:38:11,765 [INFO] Refreshing listener credentials
2026-04-18 07:38:11,844 [INFO] Scheduling next credential refresh in 1799.0 seconds
2026-04-18 07:39:58,770 [INFO] command processing is alive.
2026-04-18 07:44:59,152 [INFO] command processing is alive.
2026-04-18 07:49:59,532 [INFO] command processing is alive.
2026-04-18 07:54:59,906 [INFO] command processing is alive.
2026-04-18 08:00:00,326 [INFO] command processing is alive.
2026-04-18 08:05:00,718 [INFO] command processing is alive.
2026-04-18 08:08:10,844 [INFO] Refreshing listener credentials
2026-04-18 08:08:10,925 [INFO] Scheduling next credential refresh in 1799.0 seconds
2026-04-18 08:10:01,098 [INFO] command processing is alive.
2026-04-18 08:15:01,571 [INFO] command processing is alive.
2026-04-18 08:20:02,034 [INFO] command processing is alive.
2026-04-18 08:25:02,504 [INFO] command processing is alive.
2026-04-18 08:30:02,885 [INFO] command processing is alive.
2026-04-18 08:35:03,309 [INFO] command processing is alive.
2026-04-18 08:38:09,925 [INFO] Refreshing listener credentials
2026-04-18 08:38:09,999 [INFO] Scheduling next credential refresh in 1799.0 seconds
2026-04-18 08:40:03,712 [INFO] command processing is alive.
2026-04-18 08:45:04,096 [INFO] command processing is alive.
2026-04-18 08:50:04,474 [INFO] command processing is alive.
2026-04-18 08:55:04,864 [INFO] command processing is alive.
2026-04-18 09:00:05,243 [INFO] command processing is alive.
2026-04-18 09:05:05,638 [INFO] command processing is alive.
2026-04-18 09:08:09,000 [INFO] Refreshing listener credentials
2026-04-18 09:08:09,075 [INFO] Scheduling next credential refresh in 1799.0 seconds
2026-04-18 09:10:06,035 [INFO] command processing is alive.
2026-04-18 09:15:06,422 [INFO] command processing is alive.
2026-04-18 09:20:06,794 [INFO] command processing is alive.
2026-04-18 09:25:07,190 [INFO] command processing is alive.
2026-04-18 09:30:07,592 [INFO] command processing is alive.
2026-04-18 09:35:07,971 [INFO] command processing is alive.
2026-04-18 09:38:08,075 [INFO] Refreshing listener credentials
2026-04-18 09:38:08,157 [INFO] Scheduling next credential refresh in 1799.0 seconds
2026-04-18 09:40:08,373 [INFO] command processing is alive.
2026-04-18 09:45:08,778 [INFO] command processing is alive.
2026-04-18 09:50:09,161 [INFO] command processing is alive.
2026-04-18 09:55:09,543 [INFO] command processing is alive.
2026-04-18 10:00:09,925 [INFO] command processing is alive.
2026-04-18 10:05:10,311 [INFO] command processing is alive.
2026-04-18 10:08:07,157 [INFO] Refreshing listener credentials
2026-04-18 10:08:07,241 [INFO] Scheduling next credential refresh in 1799.0 seconds
2026-04-18 10:10:10,695 [INFO] command processing is alive.
2026-04-18 10:15:11,087 [INFO] command processing is alive.
2026-04-18 10:20:11,479 [INFO] command processing is alive.
2026-04-18 10:25:11,878 [INFO] command processing is alive.
2026-04-18 10:30:12,298 [INFO] command processing is alive.
2026-04-18 10:35:12,695 [INFO] command processing is alive.
2026-04-18 10:38:06,241 [INFO] Refreshing listener credentials
2026-04-18 10:38:06,331 [INFO] Scheduling next credential refresh in 1799.0 seconds
2026-04-18 10:40:13,094 [INFO] command processing is alive.
2026-04-18 10:45:13,485 [INFO] command processing is alive.
2026-04-18 10:50:13,884 [INFO] command processing is alive.
2026-04-18 10:55:14,260 [INFO] command processing is alive.
2026-04-18 11:00:14,686 [INFO] command processing is alive.
2026-04-18 11:05:15,062 [INFO] command processing is alive.
2026-04-18 11:08:05,331 [INFO] Refreshing listener credentials
2026-04-18 11:08:05,420 [INFO] Scheduling next credential refresh in 1799.0 seconds
2026-04-18 11:10:15,452 [INFO] command processing is alive.
2026-04-18 11:15:15,883 [INFO] command processing is alive.
2026-04-18 11:20:16,267 [INFO] command processing is alive.
2026-04-18 11:25:16,664 [INFO] command processing is alive.
2026-04-18 11:30:17,062 [INFO] command processing is alive.
2026-04-18 11:35:17,446 [INFO] command processing is alive.
2026-04-18 11:38:04,420 [INFO] Refreshing listener credentials
2026-04-18 11:38:04,518 [INFO] Scheduling next credential refresh in 1799.0 seconds
2026-04-18 11:40:17,831 [INFO] command processing is alive.
2026-04-18 11:45:18,220 [INFO] command processing is alive.
2026-04-18 11:50:18,603 [INFO] command processing is alive.
2026-04-18 11:55:18,994 [INFO] command processing is alive.
2026-04-18 12:00:19,381 [INFO] command processing is alive.
2026-04-18 12:05:19,765 [INFO] command processing is alive.
2026-04-18 12:08:03,518 [INFO] Refreshing listener credentials
2026-04-18 12:08:03,595 [INFO] Scheduling next credential refresh in 1799.0 seconds
2026-04-18 12:10:20,190 [INFO] command processing is alive.
2026-04-18 12:15:20,591 [INFO] command processing is alive.
2026-04-18 12:20:20,976 [INFO] command processing is alive.
2026-04-18 12:25:21,398 [INFO] command processing is alive.
2026-04-18 12:30:21,874 [INFO] command processing is alive.
2026-04-18 12:35:22,294 [INFO] command processing is alive.
2026-04-18 12:38:02,595 [INFO] Refreshing listener credentials
2026-04-18 12:38:02,675 [INFO] Scheduling next credential refresh in 1799.0 seconds
2026-04-18 12:40:22,704 [INFO] command processing is alive.
2026-04-18 12:45:23,094 [INFO] command processing is alive.
2026-04-18 12:50:23,487 [INFO] command processing is alive.
2026-04-18 12:55:23,860 [INFO] command processing is alive.
2026-04-18 13:00:24,264 [INFO] command processing is alive.
2026-04-18 13:05:24,660 [INFO] command processing is alive.
2026-04-18 13:08:01,676 [INFO] Refreshing listener credentials
2026-04-18 13:08:01,769 [INFO] Scheduling next credential refresh in 1799.0 seconds
2026-04-18 13:10:25,061 [INFO] command processing is alive.
2026-04-18 13:15:25,453 [INFO] command processing is alive.
2026-04-18 13:20:25,842 [INFO] command processing is alive.
2026-04-18 13:25:26,215 [INFO] command processing is alive.
2026-04-18 13:30:26,597 [INFO] command processing is alive.
2026-04-18 13:35:26,995 [INFO] command processing is alive.
2026-04-18 13:38:00,770 [INFO] Refreshing listener credentials
2026-04-18 13:38:00,840 [INFO] Scheduling next credential refresh in 1799.0 seconds
2026-04-18 13:40:27,387 [INFO] command processing is alive.
2026-04-18 13:45:27,780 [INFO] command processing is alive.
2026-04-18 13:50:28,162 [INFO] command processing is alive.
2026-04-18 13:55:28,564 [INFO] command processing is alive.
2026-04-18 14:00:28,954 [INFO] command processing is alive.
2026-04-18 14:05:29,341 [INFO] command processing is alive.
2026-04-18 14:07:59,841 [INFO] Refreshing listener credentials
2026-04-18 14:07:59,917 [INFO] Scheduling next credential refresh in 1799.0 seconds
2026-04-18 14:10:29,738 [INFO] command processing is alive.
2026-04-18 14:15:30,126 [INFO] command processing is alive.
2026-04-18 14:20:30,531 [INFO] command processing is alive.
2026-04-18 14:25:30,906 [INFO] command processing is alive.
2026-04-18 14:30:31,290 [INFO] command processing is alive.
2026-04-18 14:35:31,691 [INFO] command processing is alive.
2026-04-18 14:37:58,917 [INFO] Refreshing listener credentials
2026-04-18 14:37:58,991 [INFO] Scheduling next credential refresh in 1799.0 seconds
2026-04-18 14:40:32,092 [INFO] command processing is alive.
2026-04-18 14:45:32,494 [INFO] command processing is alive.
2026-04-18 14:50:32,895 [INFO] command processing is alive.
2026-04-18 14:55:33,280 [INFO] command processing is alive.
2026-04-18 15:00:33,649 [INFO] command processing is alive.
2026-04-18 15:05:34,079 [INFO] command processing is alive.
2026-04-18 15:07:57,991 [INFO] Refreshing listener credentials
2026-04-18 15:07:58,064 [INFO] Scheduling next credential refresh in 1799.0 seconds
2026-04-18 15:10:34,459 [INFO] command processing is alive.
2026-04-18 15:15:34,856 [INFO] command processing is alive.
2026-04-18 15:20:35,237 [INFO] command processing is alive.
2026-04-18 15:25:35,642 [INFO] command processing is alive.
2026-04-18 15:30:36,047 [INFO] command processing is alive.
2026-04-18 15:35:36,447 [INFO] command processing is alive.
2026-04-18 15:37:57,065 [INFO] Refreshing listener credentials
2026-04-18 15:37:57,128 [INFO] Scheduling next credential refresh in 1799.0 seconds
2026-04-18 15:40:36,848 [INFO] command processing is alive.
2026-04-18 15:45:37,243 [INFO] command processing is alive.
2026-04-18 15:50:37,622 [INFO] command processing is alive.
2026-04-18 15:55:38,020 [INFO] command processing is alive.
2026-04-18 16:00:38,414 [INFO] command processing is alive.
2026-04-18 16:05:38,790 [INFO] command processing is alive.
2026-04-18 16:07:56,129 [INFO] Refreshing listener credentials
2026-04-18 16:07:56,203 [INFO] Scheduling next credential refresh in 1799.0 seconds
2026-04-18 16:10:39,157 [INFO] command processing is alive.
2026-04-18 16:15:39,538 [INFO] command processing is alive.
2026-04-18 16:20:39,909 [INFO] command processing is alive.
2026-04-18 16:25:40,355 [INFO] command processing is alive.
2026-04-18 16:30:40,727 [INFO] command processing is alive.
2026-04-18 16:35:41,111 [INFO] command processing is alive.
2026-04-18 16:37:55,204 [INFO] Refreshing listener credentials
2026-04-18 16:37:55,277 [INFO] Scheduling next credential refresh in 1799.0 seconds
2026-04-18 16:40:41,592 [INFO] command processing is alive.
2026-04-18 16:45:42,109 [INFO] command processing is alive.
2026-04-18 16:50:42,514 [INFO] command processing is alive.
2026-04-18 16:55:42,885 [INFO] command processing is alive.
2026-04-18 17:00:43,279 [INFO] command processing is alive.
2026-04-18 17:05:43,662 [INFO] command processing is alive.
2026-04-18 17:07:54,278 [INFO] Refreshing listener credentials
2026-04-18 17:07:54,361 [INFO] Scheduling next credential refresh in 1799.0 seconds
2026-04-18 17:10:44,053 [INFO] command processing is alive.
2026-04-18 17:15:44,450 [INFO] command processing is alive.
2026-04-18 17:20:44,850 [INFO] command processing is alive.
2026-04-18 17:25:45,246 [INFO] command processing is alive.
2026-04-18 17:30:45,635 [INFO] command processing is alive.
2026-04-18 17:35:46,014 [INFO] command processing is alive.
2026-04-18 17:37:53,362 [INFO] Refreshing listener credentials
2026-04-18 17:37:53,449 [INFO] Scheduling next credential refresh in 1799.0 seconds
2026-04-18 17:40:46,409 [INFO] command processing is alive.
2026-04-18 17:45:48,424 [INFO] command processing is alive.
2026-04-18 17:50:48,833 [INFO] command processing is alive.
2026-04-18 17:55:49,227 [INFO] command processing is alive.
2026-04-18 18:00:49,618 [INFO] command processing is alive.
2026-04-18 18:05:49,983 [INFO] command processing is alive.
2026-04-18 18:07:52,450 [INFO] Refreshing listener credentials
2026-04-18 18:07:52,522 [INFO] Scheduling next credential refresh in 1799.0 seconds
2026-04-18 18:10:50,386 [INFO] command processing is alive.
2026-04-18 18:15:50,773 [INFO] command processing is alive.
2026-04-18 18:20:51,174 [INFO] command processing is alive.
2026-04-18 18:25:51,602 [INFO] command processing is alive.
2026-04-18 18:30:51,993 [INFO] command processing is alive.
2026-04-18 18:35:52,379 [INFO] command processing is alive.
2026-04-18 18:37:51,522 [INFO] Refreshing listener credentials
2026-04-18 18:37:51,605 [INFO] Scheduling next credential refresh in 1799.0 seconds
2026-04-18 18:40:52,758 [INFO] command processing is alive.
2026-04-18 18:45:53,145 [INFO] command processing is alive.
2026-04-18 18:50:53,530 [INFO] command processing is alive.
2026-04-18 18:55:53,927 [INFO] command processing is alive.
2026-04-18 19:00:54,331 [INFO] command processing is alive.
2026-04-18 19:05:54,706 [INFO] command processing is alive.
2026-04-18 19:07:50,605 [INFO] Refreshing listener credentials
2026-04-18 19:07:50,684 [INFO] Scheduling next credential refresh in 1799.0 seconds
2026-04-18 19:10:55,107 [INFO] command processing is alive.
2026-04-18 19:15:55,523 [INFO] command processing is alive.
2026-04-18 19:20:55,894 [INFO] command processing is alive.
2026-04-18 19:25:56,287 [INFO] command processing is alive.
2026-04-18 19:30:56,671 [INFO] command processing is alive.
2026-04-18 19:35:57,048 [INFO] command processing is alive.
2026-04-18 19:37:49,684 [INFO] Refreshing listener credentials
2026-04-18 19:37:49,757 [INFO] Scheduling next credential refresh in 1799.0 seconds
2026-04-18 19:40:57,418 [INFO] command processing is alive.
2026-04-18 19:45:57,838 [INFO] command processing is alive.
2026-04-18 19:50:58,225 [INFO] command processing is alive.
2026-04-18 19:55:58,616 [INFO] command processing is alive.
2026-04-18 20:00:59,005 [INFO] command processing is alive.
2026-04-18 20:05:59,402 [INFO] command processing is alive.
2026-04-18 20:07:48,758 [INFO] Refreshing listener credentials
2026-04-18 20:07:48,832 [INFO] Scheduling next credential refresh in 1799.0 seconds
2026-04-18 20:10:59,800 [INFO] command processing is alive.
2026-04-18 20:16:00,238 [INFO] command processing is alive.
2026-04-18 20:21:00,630 [INFO] command processing is alive.
2026-04-18 20:26:01,006 [INFO] command processing is alive.
2026-04-18 20:31:01,582 [INFO] command processing is alive.
2026-04-18 20:36:02,032 [INFO] command processing is alive.
2026-04-18 20:37:47,833 [INFO] Refreshing listener credentials
2026-04-18 20:37:47,910 [INFO] Scheduling next credential refresh in 1799.0 seconds
2026-04-18 20:41:02,489 [INFO] command processing is alive.
2026-04-18 20:46:02,911 [INFO] command processing is alive.
2026-04-18 20:51:03,306 [INFO] command processing is alive.
2026-04-18 20:56:03,685 [INFO] command processing is alive.
2026-04-18 21:01:04,077 [INFO] command processing is alive.
2026-04-18 21:06:04,484 [INFO] command processing is alive.
2026-04-18 21:07:46,911 [INFO] Refreshing listener credentials
2026-04-18 21:07:46,987 [INFO] Scheduling next credential refresh in 1799.0 seconds
2026-04-18 21:11:04,868 [INFO] command processing is alive.
2026-04-18 21:16:05,254 [INFO] command processing is alive.
2026-04-18 21:21:05,624 [INFO] command processing is alive.
2026-04-18 21:26:06,035 [INFO] command processing is alive.
2026-04-18 21:31:06,434 [INFO] command processing is alive.
2026-04-18 21:36:06,822 [INFO] command processing is alive.
2026-04-18 21:37:45,987 [INFO] Refreshing listener credentials
2026-04-18 21:37:46,063 [INFO] Scheduling next credential refresh in 1799.0 seconds
2026-04-18 21:41:07,208 [INFO] command processing is alive.
2026-04-18 21:46:07,582 [INFO] command processing is alive.
2026-04-18 21:51:07,967 [INFO] command processing is alive.
2026-04-18 21:56:08,359 [INFO] command processing is alive.
2026-04-18 22:01:08,740 [INFO] command processing is alive.
2026-04-18 22:06:09,117 [INFO] command processing is alive.
2026-04-18 22:07:45,063 [INFO] Refreshing listener credentials
2026-04-18 22:07:45,145 [INFO] Scheduling next credential refresh in 1799.0 seconds
2026-04-18 22:11:09,488 [INFO] command processing is alive.
2026-04-18 22:16:09,883 [INFO] command processing is alive.
2026-04-18 22:21:10,263 [INFO] command processing is alive.
2026-04-18 22:26:10,649 [INFO] command processing is alive.
2026-04-18 22:31:11,038 [INFO] command processing is alive.
2026-04-18 22:36:11,436 [INFO] command processing is alive.
2026-04-18 22:37:44,145 [INFO] Refreshing listener credentials
2026-04-18 22:37:44,219 [INFO] Scheduling next credential refresh in 1799.0 seconds
2026-04-18 22:41:11,821 [INFO] command processing is alive.
2026-04-18 22:46:12,212 [INFO] command processing is alive.
2026-04-18 22:51:12,587 [INFO] command processing is alive.
2026-04-18 22:56:12,983 [INFO] command processing is alive.
2026-04-18 23:01:13,373 [INFO] command processing is alive.
2026-04-18 23:06:13,798 [INFO] command processing is alive.
2026-04-18 23:07:43,219 [INFO] Refreshing listener credentials
2026-04-18 23:07:43,301 [INFO] Scheduling next credential refresh in 1799.0 seconds
2026-04-18 23:11:14,214 [INFO] command processing is alive.
2026-04-18 23:16:14,603 [INFO] command processing is alive.
2026-04-18 23:21:14,991 [INFO] command processing is alive.
2026-04-18 23:26:15,393 [INFO] command processing is alive.
2026-04-18 23:31:15,776 [INFO] command processing is alive.
2026-04-18 23:36:16,162 [INFO] command processing is alive.
2026-04-18 23:37:42,302 [INFO] Refreshing listener credentials
2026-04-18 23:37:42,379 [INFO] Scheduling next credential refresh in 1799.0 seconds
2026-04-18 23:41:16,543 [INFO] command processing is alive.
2026-04-18 23:46:16,939 [INFO] command processing is alive.
2026-04-18 23:51:17,329 [INFO] command processing is alive.
2026-04-18 23:56:17,701 [INFO] command processing is alive.
2026-04-19 00:01:18,100 [INFO] command processing is alive.
2026-04-19 00:06:18,492 [INFO] command processing is alive.
2026-04-19 00:07:41,379 [INFO] Refreshing listener credentials
2026-04-19 00:07:41,466 [INFO] Scheduling next credential refresh in 1799.0 seconds
2026-04-19 00:11:18,869 [INFO] command processing is alive.
2026-04-19 00:16:19,250 [INFO] command processing is alive.
2026-04-19 00:21:19,640 [INFO] command processing is alive.
2026-04-19 00:26:20,024 [INFO] command processing is alive.
2026-04-19 00:31:20,478 [INFO] command processing is alive.
2026-04-19 00:36:20,858 [INFO] command processing is alive.
2026-04-19 00:37:40,467 [INFO] Refreshing listener credentials
2026-04-19 00:37:40,552 [INFO] Scheduling next credential refresh in 1799.0 seconds
2026-04-19 00:41:21,283 [INFO] command processing is alive.
2026-04-19 00:46:21,718 [INFO] command processing is alive.
2026-04-19 00:51:22,203 [INFO] command processing is alive.
2026-04-19 00:56:22,628 [INFO] command processing is alive.
2026-04-19 01:01:23,045 [INFO] command processing is alive.
2026-04-19 01:06:23,439 [INFO] command processing is alive.
2026-04-19 01:07:39,552 [INFO] Refreshing listener credentials
2026-04-19 01:07:39,624 [INFO] Scheduling next credential refresh in 1799.0 seconds
2026-04-19 01:11:23,817 [INFO] command processing is alive.
2026-04-19 01:16:24,217 [INFO] command processing is alive.
2026-04-19 01:21:24,647 [INFO] command processing is alive.
2026-04-19 01:26:25,048 [INFO] command processing is alive.
2026-04-19 01:31:25,452 [INFO] command processing is alive.
2026-04-19 01:36:25,840 [INFO] command processing is alive.
2026-04-19 01:37:38,624 [INFO] Refreshing listener credentials
2026-04-19 01:37:38,696 [INFO] Scheduling next credential refresh in 1799.0 seconds
2026-04-19 01:41:26,209 [INFO] command processing is alive.
2026-04-19 01:46:26,594 [INFO] command processing is alive.
2026-04-19 01:51:27,009 [INFO] command processing is alive.
2026-04-19 01:56:27,384 [INFO] command processing is alive.
2026-04-19 02:01:27,804 [INFO] command processing is alive.
2026-04-19 02:06:28,185 [INFO] command processing is alive.
2026-04-19 02:07:37,697 [INFO] Refreshing listener credentials
2026-04-19 02:07:37,786 [INFO] Scheduling next credential refresh in 1799.0 seconds
2026-04-19 02:11:28,607 [INFO] command processing is alive.
2026-04-19 02:16:28,974 [INFO] command processing is alive.
2026-04-19 02:21:29,366 [INFO] command processing is alive.
2026-04-19 02:26:29,754 [INFO] command processing is alive.
2026-04-19 02:31:30,159 [INFO] command processing is alive.
2026-04-19 02:36:30,549 [INFO] command processing is alive.
2026-04-19 02:37:36,787 [INFO] Refreshing listener credentials
2026-04-19 02:37:36,861 [INFO] Scheduling next credential refresh in 1799.0 seconds
2026-04-19 02:41:30,935 [INFO] command processing is alive.
2026-04-19 02:46:31,337 [INFO] command processing is alive.
2026-04-19 02:51:31,727 [INFO] command processing is alive.
2026-04-19 02:56:32,110 [INFO] command processing is alive.
2026-04-19 03:01:32,516 [INFO] command processing is alive.
2026-04-19 03:06:32,914 [INFO] command processing is alive.
2026-04-19 03:07:35,861 [INFO] Refreshing listener credentials
2026-04-19 03:07:35,939 [INFO] Scheduling next credential refresh in 1799.0 seconds
2026-04-19 03:11:33,306 [INFO] command processing is alive.
2026-04-19 03:16:33,697 [INFO] command processing is alive.
2026-04-19 03:21:34,079 [INFO] command processing is alive.
2026-04-19 03:26:34,470 [INFO] command processing is alive.
2026-04-19 03:31:34,891 [INFO] command processing is alive.
2026-04-19 03:36:35,289 [INFO] command processing is alive.
2026-04-19 03:37:34,940 [INFO] Refreshing listener credentials
2026-04-19 03:37:35,010 [INFO] Scheduling next credential refresh in 1799.0 seconds
2026-04-19 03:41:35,690 [INFO] command processing is alive.
2026-04-19 03:46:36,078 [INFO] command processing is alive.
2026-04-19 03:51:36,472 [INFO] command processing is alive.
2026-04-19 03:56:36,873 [INFO] command processing is alive.
2026-04-19 04:01:37,258 [INFO] command processing is alive.
2026-04-19 04:06:37,656 [INFO] command processing is alive.
2026-04-19 04:07:34,011 [INFO] Refreshing listener credentials
2026-04-19 04:07:34,085 [INFO] Scheduling next credential refresh in 1799.0 seconds
2026-04-19 04:11:38,023 [INFO] command processing is alive.
2026-04-19 04:16:38,406 [INFO] command processing is alive.
2026-04-19 04:21:38,793 [INFO] command processing is alive.
2026-04-19 04:26:39,196 [INFO] command processing is alive.
2026-04-19 04:31:39,585 [INFO] command processing is alive.
2026-04-19 04:36:39,996 [INFO] command processing is alive.
2026-04-19 04:37:33,086 [INFO] Refreshing listener credentials
2026-04-19 04:37:33,162 [INFO] Scheduling next credential refresh in 1799.0 seconds
2026-04-19 04:41:40,485 [INFO] command processing is alive.
2026-04-19 04:46:40,872 [INFO] command processing is alive.
2026-04-19 04:51:41,265 [INFO] command processing is alive.
2026-04-19 04:56:41,727 [INFO] command processing is alive.
2026-04-19 05:01:42,333 [INFO] command processing is alive.
2026-04-19 05:06:42,741 [INFO] command processing is alive.
2026-04-19 05:07:32,162 [INFO] Refreshing listener credentials
2026-04-19 05:07:32,230 [INFO] Scheduling next credential refresh in 1799.0 seconds
2026-04-19 05:11:43,128 [INFO] command processing is alive.
2026-04-19 05:16:43,526 [INFO] command processing is alive.
2026-04-19 05:21:43,898 [INFO] command processing is alive.
2026-04-19 05:26:44,281 [INFO] command processing is alive.
2026-04-19 05:31:44,679 [INFO] command processing is alive.
2026-04-19 05:36:45,064 [INFO] command processing is alive.
2026-04-19 05:37:31,230 [INFO] Refreshing listener credentials
2026-04-19 05:37:31,310 [INFO] Scheduling next credential refresh in 1799.0 seconds
2026-04-19 05:41:45,451 [INFO] command processing is alive.
2026-04-19 05:46:45,847 [INFO] command processing is alive.
2026-04-19 05:51:46,251 [INFO] command processing is alive.
2026-04-19 05:56:46,627 [INFO] command processing is alive.
2026-04-19 06:01:47,013 [INFO] command processing is alive.
2026-04-19 06:06:47,401 [INFO] command processing is alive.
2026-04-19 06:07:30,310 [INFO] Refreshing listener credentials
2026-04-19 06:07:30,391 [INFO] Scheduling next credential refresh in 1799.0 seconds
2026-04-19 06:11:47,805 [INFO] command processing is alive.
2026-04-19 06:16:48,196 [INFO] command processing is alive.
2026-04-19 06:21:48,587 [INFO] command processing is alive.
2026-04-19 06:26:48,962 [INFO] command processing is alive.
2026-04-19 06:31:49,356 [INFO] command processing is alive.
2026-04-19 06:36:49,749 [INFO] command processing is alive.
2026-04-19 06:37:29,392 [INFO] Refreshing listener credentials
2026-04-19 06:37:29,472 [INFO] Scheduling next credential refresh in 1799.0 seconds
2026-04-19 06:41:50,133 [INFO] command processing is alive.
2026-04-19 06:46:50,510 [INFO] command processing is alive.
2026-04-19 06:51:50,906 [INFO] command processing is alive.
2026-04-19 06:56:51,300 [INFO] command processing is alive.
2026-04-19 07:01:51,692 [INFO] command processing is alive.
2026-04-19 07:06:52,068 [INFO] command processing is alive.
2026-04-19 07:07:28,472 [INFO] Refreshing listener credentials
2026-04-19 07:07:28,546 [INFO] Scheduling next credential refresh in 1799.0 seconds
2026-04-19 07:11:52,454 [INFO] command processing is alive.
2026-04-19 07:16:52,840 [INFO] command processing is alive.
2026-04-19 07:21:53,243 [INFO] command processing is alive.
2026-04-19 07:26:53,642 [INFO] command processing is alive.
2026-04-19 07:31:54,022 [INFO] command processing is alive.
2026-04-19 07:36:54,407 [INFO] command processing is alive.
2026-04-19 07:37:27,547 [INFO] Refreshing listener credentials
2026-04-19 07:37:27,622 [INFO] Scheduling next credential refresh in 1799.0 seconds
2026-04-19 07:41:54,778 [INFO] command processing is alive.
2026-04-19 07:46:55,166 [INFO] command processing is alive.
2026-04-19 07:51:55,560 [INFO] command processing is alive.
2026-04-19 07:56:55,961 [INFO] command processing is alive.
2026-04-19 08:01:56,354 [INFO] command processing is alive.
2026-04-19 08:06:56,755 [INFO] command processing is alive.
2026-04-19 08:07:26,623 [INFO] Refreshing listener credentials
2026-04-19 08:07:26,700 [INFO] Scheduling next credential refresh in 1799.0 seconds
2026-04-19 08:11:57,153 [INFO] command processing is alive.
2026-04-19 08:16:57,542 [INFO] command processing is alive.
2026-04-19 08:21:57,926 [INFO] command processing is alive.
2026-04-19 08:26:58,315 [INFO] command processing is alive.
2026-04-19 08:31:58,715 [INFO] command processing is alive.
2026-04-19 08:36:59,097 [INFO] command processing is alive.
2026-04-19 08:37:25,700 [INFO] Refreshing listener credentials
2026-04-19 08:37:25,775 [INFO] Scheduling next credential refresh in 1799.0 seconds
2026-04-19 08:41:59,489 [INFO] command processing is alive.
2026-04-19 08:46:59,903 [INFO] command processing is alive.
2026-04-19 08:52:00,351 [INFO] command processing is alive.
2026-04-19 08:57:00,735 [INFO] command processing is alive.
2026-04-19 09:02:01,122 [INFO] command processing is alive.
2026-04-19 09:07:01,533 [INFO] command processing is alive.
2026-04-19 09:07:24,775 [INFO] Refreshing listener credentials
2026-04-19 09:07:24,862 [INFO] Scheduling next credential refresh in 1799.0 seconds
2026-04-19 09:12:01,925 [INFO] command processing is alive.
2026-04-19 09:17:02,425 [INFO] command processing is alive.
2026-04-19 09:22:02,874 [INFO] command processing is alive.
2026-04-19 09:27:03,255 [INFO] command processing is alive.
2026-04-19 09:32:03,649 [INFO] command processing is alive.
2026-04-19 09:37:04,050 [INFO] command processing is alive.
2026-04-19 09:37:23,862 [INFO] Refreshing listener credentials
2026-04-19 09:37:23,936 [INFO] Scheduling next credential refresh in 1799.0 seconds
2026-04-19 09:42:04,431 [INFO] command processing is alive.
2026-04-19 09:47:04,822 [INFO] command processing is alive.
2026-04-19 09:52:05,208 [INFO] command processing is alive.
2026-04-19 09:57:05,638 [INFO] command processing is alive.
2026-04-19 10:02:06,044 [INFO] command processing is alive.
2026-04-19 10:07:06,416 [INFO] command processing is alive.
2026-04-19 10:07:22,936 [INFO] Refreshing listener credentials
2026-04-19 10:07:23,020 [INFO] Scheduling next credential refresh in 1799.0 seconds
2026-04-19 10:12:06,810 [INFO] command processing is alive.
2026-04-19 10:17:07,182 [INFO] command processing is alive.
2026-04-19 10:22:07,554 [INFO] command processing is alive.
2026-04-19 10:27:07,955 [INFO] command processing is alive.
2026-04-19 10:32:08,350 [INFO] command processing is alive.
2026-04-19 10:37:08,752 [INFO] command processing is alive.
2026-04-19 10:37:22,021 [INFO] Refreshing listener credentials
2026-04-19 10:37:22,101 [INFO] Scheduling next credential refresh in 1799.0 seconds
2026-04-19 10:42:09,136 [INFO] command processing is alive.
2026-04-19 10:47:09,523 [INFO] command processing is alive.
2026-04-19 10:52:09,905 [INFO] command processing is alive.
2026-04-19 10:57:10,305 [INFO] command processing is alive.
2026-04-19 11:02:10,700 [INFO] command processing is alive.
2026-04-19 11:07:11,095 [INFO] command processing is alive.
2026-04-19 11:07:21,101 [INFO] Refreshing listener credentials
2026-04-19 11:07:21,180 [INFO] Scheduling next credential refresh in 1799.0 seconds
2026-04-19 11:12:11,511 [INFO] command processing is alive.
2026-04-19 11:17:11,901 [INFO] command processing is alive.
2026-04-19 11:22:12,321 [INFO] command processing is alive.
2026-04-19 11:27:12,717 [INFO] command processing is alive.
2026-04-19 11:32:13,120 [INFO] command processing is alive.
2026-04-19 11:37:13,524 [INFO] command processing is alive.
2026-04-19 11:37:20,181 [INFO] Refreshing listener credentials
2026-04-19 11:37:20,273 [INFO] Scheduling next credential refresh in 1799.0 seconds
2026-04-19 11:42:13,918 [INFO] command processing is alive.
2026-04-19 11:47:14,350 [INFO] command processing is alive.
2026-04-19 11:52:14,764 [INFO] command processing is alive.
2026-04-19 11:57:15,160 [INFO] command processing is alive.
2026-04-19 12:02:15,555 [INFO] command processing is alive.
2026-04-19 12:07:15,943 [INFO] command processing is alive.
2026-04-19 12:07:19,274 [INFO] Refreshing listener credentials
2026-04-19 12:07:19,362 [INFO] Scheduling next credential refresh in 1799.0 seconds
2026-04-19 12:12:16,323 [INFO] command processing is alive.
2026-04-19 12:17:16,726 [INFO] command processing is alive.
2026-04-19 12:22:17,118 [INFO] command processing is alive.
2026-04-19 12:27:17,505 [INFO] command processing is alive.
2026-04-19 12:32:17,890 [INFO] command processing is alive.
2026-04-19 12:37:18,277 [INFO] command processing is alive.
2026-04-19 12:37:18,362 [INFO] Refreshing listener credentials
2026-04-19 12:37:18,448 [INFO] Scheduling next credential refresh in 1799.0 seconds
2026-04-19 12:42:18,673 [INFO] command processing is alive.
2026-04-19 12:47:19,056 [INFO] command processing is alive.
2026-04-19 12:52:19,436 [INFO] command processing is alive.
2026-04-19 12:57:19,831 [INFO] command processing is alive.
2026-04-19 13:02:20,342 [INFO] command processing is alive.
2026-04-19 13:07:17,449 [INFO] Refreshing listener credentials
2026-04-19 13:07:17,526 [INFO] Scheduling next credential refresh in 1799.0 seconds
2026-04-19 13:07:20,718 [INFO] command processing is alive.
2026-04-19 13:12:21,079 [INFO] command processing is alive.
2026-04-19 13:17:21,553 [INFO] command processing is alive.
2026-04-19 13:22:22,035 [INFO] command processing is alive.
2026-04-19 13:27:22,501 [INFO] command processing is alive.
2026-04-19 13:32:22,921 [INFO] command processing is alive.
2026-04-19 13:37:16,526 [INFO] Refreshing listener credentials
2026-04-19 13:37:16,600 [INFO] Scheduling next credential refresh in 1799.0 seconds
2026-04-19 13:37:23,320 [INFO] command processing is alive.
2026-04-19 13:42:23,748 [INFO] command processing is alive.
2026-04-19 13:47:24,161 [INFO] command processing is alive.
2026-04-19 13:52:24,540 [INFO] command processing is alive.
2026-04-19 13:57:24,950 [INFO] command processing is alive.
2026-04-19 14:02:25,343 [INFO] command processing is alive.
2026-04-19 14:07:15,601 [INFO] Refreshing listener credentials
2026-04-19 14:07:15,695 [INFO] Scheduling next credential refresh in 1799.0 seconds
2026-04-19 14:07:25,723 [INFO] command processing is alive.
2026-04-19 14:12:26,109 [INFO] command processing is alive.
2026-04-19 14:17:26,488 [INFO] command processing is alive.
2026-04-19 14:22:26,861 [INFO] command processing is alive.
2026-04-19 14:27:27,246 [INFO] command processing is alive.
2026-04-19 14:32:27,621 [INFO] command processing is alive.
2026-04-19 14:37:14,695 [INFO] Refreshing listener credentials
2026-04-19 14:37:14,786 [INFO] Scheduling next credential refresh in 1799.0 seconds
2026-04-19 14:37:28,004 [INFO] command processing is alive.
2026-04-19 14:42:28,392 [INFO] command processing is alive.
2026-04-19 14:47:28,782 [INFO] command processing is alive.
2026-04-19 14:52:29,189 [INFO] command processing is alive.
2026-04-19 14:57:29,577 [INFO] command processing is alive.
2026-04-19 15:02:29,977 [INFO] command processing is alive.
2026-04-19 15:07:13,786 [INFO] Refreshing listener credentials
2026-04-19 15:07:13,866 [INFO] Scheduling next credential refresh in 1799.0 seconds
2026-04-19 15:07:30,353 [INFO] command processing is alive.
2026-04-19 15:12:30,732 [INFO] command processing is alive.
2026-04-19 15:17:31,137 [INFO] command processing is alive.
2026-04-19 15:22:31,520 [INFO] command processing is alive.
2026-04-19 15:27:31,910 [INFO] command processing is alive.
2026-04-19 15:32:32,294 [INFO] command processing is alive.
2026-04-19 15:37:12,866 [INFO] Refreshing listener credentials
2026-04-19 15:37:12,953 [INFO] Scheduling next credential refresh in 1799.0 seconds
2026-04-19 15:37:32,693 [INFO] command processing is alive.
2026-04-19 15:42:33,103 [INFO] command processing is alive.
2026-04-19 15:47:33,511 [INFO] command processing is alive.
2026-04-19 15:52:33,912 [INFO] command processing is alive.
2026-04-19 15:57:34,301 [INFO] command processing is alive.
2026-04-19 16:02:34,716 [INFO] command processing is alive.
2026-04-19 16:07:11,954 [INFO] Refreshing listener credentials
2026-04-19 16:07:12,022 [INFO] Scheduling next credential refresh in 1799.0 seconds
2026-04-19 16:07:35,110 [INFO] command processing is alive.
2026-04-19 16:12:35,512 [INFO] command processing is alive.
2026-04-19 16:17:35,908 [INFO] command processing is alive.
2026-04-19 16:22:36,309 [INFO] command processing is alive.
2026-04-19 16:27:36,715 [INFO] command processing is alive.
2026-04-19 16:32:37,162 [INFO] command processing is alive.
2026-04-19 16:37:11,022 [INFO] Refreshing listener credentials
2026-04-19 16:37:11,108 [INFO] Scheduling next credential refresh in 1799.0 seconds
2026-04-19 16:37:37,553 [INFO] command processing is alive.
2026-04-19 16:42:37,965 [INFO] command processing is alive.
2026-04-19 16:47:38,369 [INFO] command processing is alive.
2026-04-19 16:52:38,784 [INFO] command processing is alive.
2026-04-19 16:57:39,185 [INFO] command processing is alive.
2026-04-19 17:02:39,574 [INFO] command processing is alive.
2026-04-19 17:07:10,108 [INFO] Refreshing listener credentials
2026-04-19 17:07:10,190 [INFO] Scheduling next credential refresh in 1799.0 seconds
2026-04-19 17:07:39,965 [INFO] command processing is alive.
2026-04-19 17:12:40,363 [INFO] command processing is alive.
2026-04-19 17:17:40,761 [INFO] command processing is alive.
2026-04-19 17:22:41,161 [INFO] command processing is alive.
2026-04-19 17:27:41,582 [INFO] command processing is alive.
2026-04-19 17:32:42,045 [INFO] command processing is alive.
2026-04-19 17:37:09,191 [INFO] Refreshing listener credentials
2026-04-19 17:37:09,279 [INFO] Scheduling next credential refresh in 1799.0 seconds
2026-04-19 17:37:42,519 [INFO] command processing is alive.
2026-04-19 17:42:42,929 [INFO] command processing is alive.
2026-04-19 17:47:43,327 [INFO] command processing is alive.
2026-04-19 17:52:43,712 [INFO] command processing is alive.
2026-04-19 17:57:44,094 [INFO] command processing is alive.
2026-04-19 18:02:44,493 [INFO] command processing is alive.
2026-04-19 18:07:08,279 [INFO] Refreshing listener credentials
2026-04-19 18:07:08,361 [INFO] Scheduling next credential refresh in 1799.0 seconds
2026-04-19 18:07:44,869 [INFO] command processing is alive.
2026-04-19 18:12:45,232 [INFO] command processing is alive.
2026-04-19 18:17:45,614 [INFO] command processing is alive.
2026-04-19 18:22:45,994 [INFO] command processing is alive.
2026-04-19 18:27:46,381 [INFO] command processing is alive.
2026-04-19 18:32:46,759 [INFO] command processing is alive.
2026-04-19 18:37:07,362 [INFO] Refreshing listener credentials
2026-04-19 18:37:07,454 [INFO] Scheduling next credential refresh in 1799.0 seconds
2026-04-19 18:37:47,137 [INFO] command processing is alive.
2026-04-19 18:42:47,524 [INFO] command processing is alive.
2026-04-19 18:47:47,918 [INFO] command processing is alive.
2026-04-19 18:52:48,330 [INFO] command processing is alive.
2026-04-19 18:57:48,695 [INFO] command processing is alive.
2026-04-19 19:02:49,100 [INFO] command processing is alive.
2026-04-19 19:07:06,454 [INFO] Refreshing listener credentials
2026-04-19 19:07:06,535 [INFO] Scheduling next credential refresh in 1799.0 seconds
2026-04-19 19:07:49,500 [INFO] command processing is alive.
2026-04-19 19:12:49,888 [INFO] command processing is alive.
2026-04-19 19:17:50,282 [INFO] command processing is alive.
2026-04-19 19:22:50,671 [INFO] command processing is alive.
2026-04-19 19:27:51,078 [INFO] command processing is alive.
2026-04-19 19:32:51,482 [INFO] command processing is alive.
2026-04-19 19:37:05,536 [INFO] Refreshing listener credentials
2026-04-19 19:37:05,612 [INFO] Scheduling next credential refresh in 1799.0 seconds
2026-04-19 19:37:51,926 [INFO] command processing is alive.
2026-04-19 19:42:52,332 [INFO] command processing is alive.
2026-04-19 19:47:52,715 [INFO] command processing is alive.
2026-04-19 19:52:53,092 [INFO] command processing is alive.
2026-04-19 19:57:53,511 [INFO] command processing is alive.
2026-04-19 20:02:53,905 [INFO] command processing is alive.
2026-04-19 20:07:04,612 [INFO] Refreshing listener credentials
2026-04-19 20:07:04,693 [INFO] Scheduling next credential refresh in 1799.0 seconds
2026-04-19 20:07:54,304 [INFO] command processing is alive.
2026-04-19 20:12:54,737 [INFO] command processing is alive.
2026-04-19 20:17:55,137 [INFO] command processing is alive.
2026-04-19 20:22:55,522 [INFO] command processing is alive.
2026-04-19 20:27:55,915 [INFO] command processing is alive.
2026-04-19 20:32:56,318 [INFO] command processing is alive.
2026-04-19 20:37:03,693 [INFO] Refreshing listener credentials
2026-04-19 20:37:03,773 [INFO] Scheduling next credential refresh in 1799.0 seconds
2026-04-19 20:37:56,724 [INFO] command processing is alive.
2026-04-19 20:42:57,145 [INFO] command processing is alive.
2026-04-19 20:47:57,535 [INFO] command processing is alive.
2026-04-19 20:52:57,935 [INFO] command processing is alive.
2026-04-19 20:57:58,343 [INFO] command processing is alive.
2026-04-19 21:02:58,724 [INFO] command processing is alive.
2026-04-19 21:07:02,773 [INFO] Refreshing listener credentials
2026-04-19 21:07:02,858 [INFO] Scheduling next credential refresh in 1799.0 seconds
2026-04-19 21:07:59,136 [INFO] command processing is alive.
2026-04-19 21:12:59,531 [INFO] command processing is alive.
2026-04-19 21:17:59,926 [INFO] command processing is alive.
2026-04-19 21:23:00,384 [INFO] command processing is alive.
2026-04-19 21:28:00,762 [INFO] command processing is alive.
2026-04-19 21:33:01,158 [INFO] command processing is alive.
2026-04-19 21:37:01,859 [INFO] Refreshing listener credentials
2026-04-19 21:37:01,951 [INFO] Scheduling next credential refresh in 1799.0 seconds
2026-04-19 21:38:01,574 [INFO] command processing is alive.
2026-04-19 21:43:02,249 [INFO] command processing is alive.
2026-04-19 21:48:02,638 [INFO] command processing is alive.
2026-04-19 21:53:03,036 [INFO] command processing is alive.
2026-04-19 21:58:03,432 [INFO] command processing is alive.
2026-04-19 22:03:03,810 [INFO] command processing is alive.
2026-04-19 22:07:00,952 [INFO] Refreshing listener credentials
2026-04-19 22:07:01,038 [INFO] Scheduling next credential refresh in 1799.0 seconds
2026-04-19 22:08:04,210 [INFO] command processing is alive.
2026-04-19 22:13:04,598 [INFO] command processing is alive.
2026-04-19 22:18:04,976 [INFO] command processing is alive.
2026-04-19 22:23:05,364 [INFO] command processing is alive.
2026-04-19 22:28:05,746 [INFO] command processing is alive.
2026-04-19 22:33:06,136 [INFO] command processing is alive.
2026-04-19 22:37:00,039 [INFO] Refreshing listener credentials
2026-04-19 22:37:00,137 [INFO] Scheduling next credential refresh in 1799.0 seconds
2026-04-19 22:38:06,507 [INFO] command processing is alive.
2026-04-19 22:43:06,883 [INFO] command processing is alive.
2026-04-19 22:48:07,262 [INFO] command processing is alive.
2026-04-19 22:53:07,643 [INFO] command processing is alive.
2026-04-19 22:58:08,033 [INFO] command processing is alive.
2026-04-19 23:03:08,431 [INFO] command processing is alive.
2026-04-19 23:06:59,137 [INFO] Refreshing listener credentials
2026-04-19 23:06:59,219 [INFO] Scheduling next credential refresh in 1799.0 seconds
2026-04-19 23:08:08,827 [INFO] command processing is alive.
2026-04-19 23:13:09,211 [INFO] command processing is alive.
2026-04-19 23:18:09,592 [INFO] command processing is alive.
2026-04-19 23:23:09,991 [INFO] command processing is alive.
2026-04-19 23:28:10,368 [INFO] command processing is alive.
2026-04-19 23:33:10,771 [INFO] command processing is alive.
2026-04-19 23:36:58,220 [INFO] Refreshing listener credentials
2026-04-19 23:36:58,306 [INFO] Scheduling next credential refresh in 1799.0 seconds
2026-04-19 23:38:11,173 [INFO] command processing is alive.
2026-04-19 23:43:11,579 [INFO] command processing is alive.
2026-04-19 23:48:11,962 [INFO] command processing is alive.
2026-04-19 23:53:12,360 [INFO] command processing is alive.
2026-04-19 23:58:12,755 [INFO] command processing is alive.
2026-04-20 00:03:13,161 [INFO] command processing is alive.
2026-04-20 00:06:57,306 [INFO] Refreshing listener credentials
2026-04-20 00:06:57,399 [INFO] Scheduling next credential refresh in 1799.0 seconds
2026-04-20 00:08:13,574 [INFO] command processing is alive.
2026-04-20 00:13:14,009 [INFO] command processing is alive.
2026-04-20 00:18:14,422 [INFO] command processing is alive.
2026-04-20 00:23:14,810 [INFO] command processing is alive.
2026-04-20 00:28:15,205 [INFO] command processing is alive.
2026-04-20 00:33:15,577 [INFO] command processing is alive.
2026-04-20 00:36:56,400 [INFO] Refreshing listener credentials
2026-04-20 00:36:56,496 [INFO] Scheduling next credential refresh in 1799.0 seconds
2026-04-20 00:38:15,976 [INFO] command processing is alive.
2026-04-20 00:43:16,388 [INFO] command processing is alive.
2026-04-20 00:48:16,790 [INFO] command processing is alive.
2026-04-20 00:53:17,193 [INFO] command processing is alive.
2026-04-20 00:58:17,592 [INFO] command processing is alive.
2026-04-20 01:03:17,981 [INFO] command processing is alive.
2026-04-20 01:06:55,496 [INFO] Refreshing listener credentials
2026-04-20 01:06:55,587 [INFO] Scheduling next credential refresh in 1799.0 seconds
2026-04-20 01:08:18,378 [INFO] command processing is alive.
2026-04-20 01:13:18,768 [INFO] command processing is alive.
2026-04-20 01:18:19,169 [INFO] command processing is alive.
2026-04-20 01:23:19,556 [INFO] command processing is alive.
2026-04-20 01:28:19,937 [INFO] command processing is alive.
2026-04-20 01:33:20,425 [INFO] command processing is alive.
2026-04-20 01:36:54,587 [INFO] Refreshing listener credentials
2026-04-20 01:36:54,670 [INFO] Scheduling next credential refresh in 1799.0 seconds
2026-04-20 01:38:20,797 [INFO] command processing is alive.
2026-04-20 01:43:21,194 [INFO] command processing is alive.
2026-04-20 01:48:21,614 [INFO] command processing is alive.
2026-04-20 01:53:22,065 [INFO] command processing is alive.
2026-04-20 01:58:22,557 [INFO] command processing is alive.
2026-04-20 02:03:22,962 [INFO] command processing is alive.
2026-04-20 02:06:53,671 [INFO] Refreshing listener credentials
2026-04-20 02:06:53,762 [INFO] Scheduling next credential refresh in 1799.0 seconds
2026-04-20 02:08:23,371 [INFO] command processing is alive.
2026-04-20 02:13:23,765 [INFO] command processing is alive.
2026-04-20 02:18:24,168 [INFO] command processing is alive.
2026-04-20 02:23:24,553 [INFO] command processing is alive.
2026-04-20 02:28:24,946 [INFO] command processing is alive.
2026-04-20 02:33:25,337 [INFO] command processing is alive.
2026-04-20 02:36:52,762 [INFO] Refreshing listener credentials
2026-04-20 02:36:52,843 [INFO] Scheduling next credential refresh in 1799.0 seconds
2026-04-20 02:38:25,717 [INFO] command processing is alive.
2026-04-20 02:43:26,108 [INFO] command processing is alive.
2026-04-20 02:48:26,511 [INFO] command processing is alive.
2026-04-20 02:53:26,896 [INFO] command processing is alive.
2026-04-20 02:58:27,265 [INFO] command processing is alive.
2026-04-20 03:03:27,678 [INFO] command processing is alive.
2026-04-20 03:06:51,843 [INFO] Refreshing listener credentials
2026-04-20 03:06:51,930 [INFO] Scheduling next credential refresh in 1799.0 seconds
2026-04-20 03:08:28,054 [INFO] command processing is alive.
2026-04-20 03:13:28,454 [INFO] command processing is alive.
2026-04-20 03:18:28,841 [INFO] command processing is alive.
2026-04-20 03:23:29,217 [INFO] command processing is alive.
2026-04-20 03:28:29,618 [INFO] command processing is alive.
2026-04-20 03:33:30,010 [INFO] command processing is alive.
2026-04-20 03:36:50,930 [INFO] Refreshing listener credentials
2026-04-20 03:36:51,019 [INFO] Scheduling next credential refresh in 1799.0 seconds
2026-04-20 03:38:30,391 [INFO] command processing is alive.
2026-04-20 03:43:30,771 [INFO] command processing is alive.
2026-04-20 03:48:31,160 [INFO] command processing is alive.
2026-04-20 03:53:31,592 [INFO] command processing is alive.
2026-04-20 03:58:31,963 [INFO] command processing is alive.
2026-04-20 04:03:32,366 [INFO] command processing is alive.
2026-04-20 04:06:50,019 [INFO] Refreshing listener credentials
2026-04-20 04:06:50,115 [INFO] Scheduling next credential refresh in 1799.0 seconds
2026-04-20 04:08:32,761 [INFO] command processing is alive.
2026-04-20 04:13:33,175 [INFO] command processing is alive.
2026-04-20 04:18:33,588 [INFO] command processing is alive.
2026-04-20 04:23:33,976 [INFO] command processing is alive.
2026-04-20 04:28:34,377 [INFO] command processing is alive.
2026-04-20 04:33:34,766 [INFO] command processing is alive.
2026-04-20 04:36:49,115 [INFO] Refreshing listener credentials
2026-04-20 04:36:49,194 [INFO] Scheduling next credential refresh in 1799.0 seconds
2026-04-20 04:38:35,158 [INFO] command processing is alive.
2026-04-20 04:43:35,555 [INFO] command processing is alive.
2026-04-20 04:48:35,946 [INFO] command processing is alive.
2026-04-20 04:53:36,338 [INFO] command processing is alive.
2026-04-20 04:58:36,726 [INFO] command processing is alive.
2026-04-20 05:03:37,127 [INFO] command processing is alive.
2026-04-20 05:06:48,195 [INFO] Refreshing listener credentials
2026-04-20 05:06:48,273 [INFO] Scheduling next credential refresh in 1799.0 seconds
2026-04-20 05:08:37,523 [INFO] command processing is alive.
2026-04-20 05:13:37,899 [INFO] command processing is alive.
2026-04-20 05:18:38,283 [INFO] command processing is alive.
2026-04-20 05:23:38,682 [INFO] command processing is alive.
2026-04-20 05:28:39,087 [INFO] command processing is alive.
2026-04-20 05:33:39,475 [INFO] command processing is alive.
2026-04-20 05:36:47,273 [INFO] Refreshing listener credentials
2026-04-20 05:36:47,342 [INFO] Scheduling next credential refresh in 1799.0 seconds
2026-04-20 05:38:39,872 [INFO] command processing is alive.
2026-04-20 05:43:40,302 [INFO] command processing is alive.
2026-04-20 05:48:40,707 [INFO] command processing is alive.
2026-04-20 05:53:41,102 [INFO] command processing is alive.
2026-04-20 05:58:41,532 [INFO] command processing is alive.
2026-04-20 06:03:41,970 [INFO] command processing is alive.
2026-04-20 06:06:46,342 [INFO] Refreshing listener credentials
2026-04-20 06:06:46,421 [INFO] Scheduling next credential refresh in 1799.0 seconds
2026-04-20 06:08:42,559 [INFO] command processing is alive.
2026-04-20 06:13:42,979 [INFO] command processing is alive.
2026-04-20 06:18:43,381 [INFO] command processing is alive.
2026-04-20 06:23:43,759 [INFO] command processing is alive.
2026-04-20 06:28:44,155 [INFO] command processing is alive.
2026-04-20 06:33:44,553 [INFO] command processing is alive.
2026-04-20 06:36:45,422 [INFO] Refreshing listener credentials
2026-04-20 06:36:45,513 [INFO] Scheduling next credential refresh in 1799.0 seconds
2026-04-20 06:38:44,944 [INFO] command processing is alive.
2026-04-20 06:43:45,376 [INFO] command processing is alive.
2026-04-20 06:48:45,760 [INFO] command processing is alive.
2026-04-20 06:53:46,146 [INFO] command processing is alive.
2026-04-20 06:58:46,524 [INFO] command processing is alive.
2026-04-20 07:03:46,946 [INFO] command processing is alive.
2026-04-20 07:06:44,514 [INFO] Refreshing listener credentials
2026-04-20 07:06:44,600 [INFO] Scheduling next credential refresh in 1799.0 seconds
2026-04-20 07:08:47,361 [INFO] command processing is alive.
2026-04-20 07:13:47,745 [INFO] command processing is alive.
2026-04-20 07:18:48,123 [INFO] command processing is alive.
2026-04-20 07:23:48,526 [INFO] command processing is alive.
2026-04-20 07:28:48,920 [INFO] command processing is alive.
2026-04-20 07:33:49,310 [INFO] command processing is alive.
2026-04-20 07:36:43,600 [INFO] Refreshing listener credentials
2026-04-20 07:36:43,673 [INFO] Scheduling next credential refresh in 1799.0 seconds
2026-04-20 07:38:49,711 [INFO] command processing is alive.
2026-04-20 07:43:50,101 [INFO] command processing is alive.
2026-04-20 07:48:50,524 [INFO] command processing is alive.
2026-04-20 07:53:50,909 [INFO] command processing is alive.
2026-04-20 07:58:51,302 [INFO] command processing is alive.
2026-04-20 08:03:51,722 [INFO] command processing is alive.
2026-04-20 08:06:42,674 [INFO] Refreshing listener credentials
2026-04-20 08:06:42,747 [INFO] Scheduling next credential refresh in 1799.0 seconds
2026-04-20 08:08:52,107 [INFO] command processing is alive.
2026-04-20 08:13:52,491 [INFO] command processing is alive.
2026-04-20 08:18:52,883 [INFO] command processing is alive.
2026-04-20 08:23:53,283 [INFO] command processing is alive.
2026-04-20 08:28:53,678 [INFO] command processing is alive.
2026-04-20 08:33:54,066 [INFO] command processing is alive.
2026-04-20 08:36:41,747 [INFO] Refreshing listener credentials
2026-04-20 08:36:41,827 [INFO] Scheduling next credential refresh in 1799.0 seconds
2026-04-20 08:38:54,468 [INFO] command processing is alive.
2026-04-20 08:43:54,864 [INFO] command processing is alive.
2026-04-20 08:48:55,258 [INFO] command processing is alive.
2026-04-20 08:53:55,663 [INFO] command processing is alive.
2026-04-20 08:58:56,077 [INFO] command processing is alive.
2026-04-20 09:03:56,465 [INFO] command processing is alive.
2026-04-20 09:06:40,827 [INFO] Refreshing listener credentials
2026-04-20 09:06:40,899 [INFO] Scheduling next credential refresh in 1799.0 seconds
2026-04-20 09:08:56,856 [INFO] command processing is alive.
2026-04-20 09:13:57,242 [INFO] command processing is alive.
2026-04-20 09:18:57,636 [INFO] command processing is alive.
2026-04-20 09:23:58,039 [INFO] command processing is alive.
2026-04-20 09:28:58,432 [INFO] command processing is alive.
2026-04-20 09:33:58,819 [INFO] command processing is alive.
2026-04-20 09:36:39,900 [INFO] Refreshing listener credentials
2026-04-20 09:36:39,973 [INFO] Scheduling next credential refresh in 1799.0 seconds
2026-04-20 09:38:59,206 [INFO] command processing is alive.
2026-04-20 09:43:59,618 [INFO] command processing is alive.
2026-04-20 09:49:00,021 [INFO] command processing is alive.
2026-04-20 09:54:00,472 [INFO] command processing is alive.
2026-04-20 09:59:00,865 [INFO] command processing is alive.
2026-04-20 10:04:01,261 [INFO] command processing is alive.
2026-04-20 10:06:38,973 [INFO] Refreshing listener credentials
2026-04-20 10:06:39,067 [INFO] Scheduling next credential refresh in 1799.0 seconds
2026-04-20 10:09:01,714 [INFO] command processing is alive.
2026-04-20 10:14:02,307 [INFO] command processing is alive.
2026-04-20 10:19:02,707 [INFO] command processing is alive.
2026-04-20 10:24:03,093 [INFO] command processing is alive.
2026-04-20 10:29:03,519 [INFO] command processing is alive.
2026-04-20 10:34:03,906 [INFO] command processing is alive.
2026-04-20 10:36:38,067 [INFO] Refreshing listener credentials
2026-04-20 10:36:38,141 [INFO] Scheduling next credential refresh in 1799.0 seconds
2026-04-20 10:39:04,289 [INFO] command processing is alive.
2026-04-20 10:44:04,659 [INFO] command processing is alive.
2026-04-20 10:49:05,058 [INFO] command processing is alive.
2026-04-20 10:54:05,434 [INFO] command processing is alive.
2026-04-20 10:59:05,817 [INFO] command processing is alive.
2026-04-20 11:04:06,214 [INFO] command processing is alive.
2026-04-20 11:06:37,142 [INFO] Refreshing listener credentials
2026-04-20 11:06:37,226 [INFO] Scheduling next credential refresh in 1799.0 seconds
2026-04-20 11:09:06,595 [INFO] command processing is alive.
2026-04-20 11:14:06,966 [INFO] command processing is alive.
2026-04-20 11:19:07,361 [INFO] command processing is alive.
2026-04-20 11:24:07,737 [INFO] command processing is alive.
2026-04-20 11:29:08,125 [INFO] command processing is alive.
2026-04-20 11:34:08,504 [INFO] command processing is alive.
2026-04-20 11:36:36,227 [INFO] Refreshing listener credentials
2026-04-20 11:36:36,310 [INFO] Scheduling next credential refresh in 1799.0 seconds
2026-04-20 11:39:08,883 [INFO] command processing is alive.
2026-04-20 11:44:09,268 [INFO] command processing is alive.
2026-04-20 11:49:09,659 [INFO] command processing is alive.
2026-04-20 11:54:10,047 [INFO] command processing is alive.
2026-04-20 11:59:10,435 [INFO] command processing is alive.
2026-04-20 12:04:10,858 [INFO] command processing is alive.
2026-04-20 12:06:35,310 [INFO] Refreshing listener credentials
2026-04-20 12:06:35,385 [INFO] Scheduling next credential refresh in 1799.0 seconds
2026-04-20 12:09:11,239 [INFO] command processing is alive.
2026-04-20 12:14:11,614 [INFO] command processing is alive.
2026-04-20 12:19:11,999 [INFO] command processing is alive.
2026-04-20 12:24:12,394 [INFO] command processing is alive.
2026-04-20 12:29:12,789 [INFO] command processing is alive.
2026-04-20 12:34:13,170 [INFO] command processing is alive.
2026-04-20 12:36:34,385 [INFO] Refreshing listener credentials
2026-04-20 12:36:34,466 [INFO] Scheduling next credential refresh in 1799.0 seconds
2026-04-20 12:39:13,559 [INFO] command processing is alive.
2026-04-20 12:44:13,946 [INFO] command processing is alive.
2026-04-20 12:49:14,343 [INFO] command processing is alive.
2026-04-20 12:54:14,739 [INFO] command processing is alive.
2026-04-20 12:59:15,138 [INFO] command processing is alive.
2026-04-20 13:04:15,535 [INFO] command processing is alive.
2026-04-20 13:06:33,467 [INFO] Refreshing listener credentials
2026-04-20 13:06:33,547 [INFO] Scheduling next credential refresh in 1799.0 seconds
2026-04-20 13:09:15,932 [INFO] command processing is alive.
2026-04-20 13:14:16,339 [INFO] command processing is alive.
2026-04-20 13:19:16,747 [INFO] command processing is alive.
2026-04-20 13:24:17,161 [INFO] command processing is alive.
2026-04-20 13:29:17,551 [INFO] command processing is alive.
2026-04-20 13:34:17,943 [INFO] command processing is alive.
2026-04-20 13:36:32,547 [INFO] Refreshing listener credentials
2026-04-20 13:36:32,622 [INFO] Scheduling next credential refresh in 1799.0 seconds
2026-04-20 13:39:18,339 [INFO] command processing is alive.
2026-04-20 13:44:18,724 [INFO] command processing is alive.
2026-04-20 13:49:19,138 [INFO] command processing is alive.
2026-04-20 13:54:19,542 [INFO] command processing is alive.
2026-04-20 13:59:19,949 [INFO] command processing is alive.
2026-04-20 14:04:20,474 [INFO] command processing is alive.
2026-04-20 14:06:31,622 [INFO] Refreshing listener credentials
2026-04-20 14:06:31,713 [INFO] Scheduling next credential refresh in 1799.0 seconds
2026-04-20 14:09:20,865 [INFO] command processing is alive.
2026-04-20 14:14:21,275 [INFO] command processing is alive.
2026-04-20 14:19:21,716 [INFO] command processing is alive.
2026-04-20 14:24:22,292 [INFO] command processing is alive.
2026-04-20 14:29:22,684 [INFO] command processing is alive.
2026-04-20 14:34:23,102 [INFO] command processing is alive.
2026-04-20 14:36:30,714 [INFO] Refreshing listener credentials
2026-04-20 14:36:30,798 [INFO] Scheduling next credential refresh in 1799.0 seconds
2026-04-20 14:39:24,563 [INFO] command processing is alive.
2026-04-20 14:44:24,940 [INFO] command processing is alive.
2026-04-20 14:49:25,327 [INFO] command processing is alive.
2026-04-20 14:54:25,698 [INFO] command processing is alive.
2026-04-20 14:59:26,089 [INFO] command processing is alive.
2026-04-20 15:04:26,475 [INFO] command processing is alive.
2026-04-20 15:06:29,798 [INFO] Refreshing listener credentials
2026-04-20 15:06:29,870 [INFO] Scheduling next credential refresh in 1799.0 seconds
2026-04-20 15:09:26,859 [INFO] command processing is alive.
2026-04-20 15:14:27,251 [INFO] command processing is alive.
2026-04-20 15:19:27,634 [INFO] command processing is alive.
2026-04-20 15:24:28,011 [INFO] command processing is alive.
2026-04-20 15:29:28,396 [INFO] command processing is alive.
2026-04-20 15:34:28,787 [INFO] command processing is alive.
2026-04-20 15:36:28,871 [INFO] Refreshing listener credentials
2026-04-20 15:36:28,943 [INFO] Scheduling next credential refresh in 1799.0 seconds
2026-04-20 15:39:29,167 [INFO] command processing is alive.
2026-04-20 15:44:29,583 [INFO] command processing is alive.
2026-04-20 15:49:29,976 [INFO] command processing is alive.
2026-04-20 15:54:30,371 [INFO] command processing is alive.
2026-04-20 15:59:30,766 [INFO] command processing is alive.
2026-04-20 16:04:31,185 [INFO] command processing is alive.
2026-04-20 16:06:27,943 [INFO] Refreshing listener credentials
2026-04-20 16:06:28,014 [INFO] Scheduling next credential refresh in 1799.0 seconds
2026-04-20 16:09:31,578 [INFO] command processing is alive.
2026-04-20 16:14:31,973 [INFO] command processing is alive.
2026-04-20 16:19:32,382 [INFO] command processing is alive.
2026-04-20 16:24:32,779 [INFO] command processing is alive.
2026-04-20 16:29:33,158 [INFO] command processing is alive.
2026-04-20 16:34:33,546 [INFO] command processing is alive.
2026-04-20 16:36:27,014 [INFO] Refreshing listener credentials
2026-04-20 16:36:27,082 [INFO] Scheduling next credential refresh in 1799.0 seconds
2026-04-20 16:39:33,943 [INFO] command processing is alive.
2026-04-20 16:44:34,337 [INFO] command processing is alive.
2026-04-20 16:49:34,727 [INFO] command processing is alive.
2026-04-20 16:54:35,120 [INFO] command processing is alive.
2026-04-20 16:59:35,513 [INFO] command processing is alive.
2026-04-20 17:04:35,915 [INFO] command processing is alive.
2026-04-20 17:06:26,083 [INFO] Refreshing listener credentials
2026-04-20 17:06:26,159 [INFO] Scheduling next credential refresh in 1799.0 seconds
2026-04-20 17:09:36,303 [INFO] command processing is alive.
2026-04-20 17:14:36,699 [INFO] command processing is alive.
2026-04-20 17:19:37,090 [INFO] command processing is alive.
2026-04-20 17:24:37,481 [INFO] command processing is alive.
2026-04-20 17:29:37,871 [INFO] command processing is alive.
2026-04-20 17:34:38,245 [INFO] command processing is alive.
2026-04-20 17:36:25,159 [INFO] Refreshing listener credentials
2026-04-20 17:36:25,233 [INFO] Scheduling next credential refresh in 1799.0 seconds
2026-04-20 17:39:38,626 [INFO] command processing is alive.
2026-04-20 17:44:39,013 [INFO] command processing is alive.
2026-04-20 17:49:39,404 [INFO] command processing is alive.
2026-04-20 17:54:39,790 [INFO] command processing is alive.
2026-04-20 17:59:40,210 [INFO] command processing is alive.
2026-04-20 18:04:40,616 [INFO] command processing is alive.
2026-04-20 18:06:24,234 [INFO] Refreshing listener credentials
2026-04-20 18:06:24,308 [INFO] Scheduling next credential refresh in 1799.0 seconds
2026-04-20 18:09:41,001 [INFO] command processing is alive.
2026-04-20 18:14:41,505 [INFO] command processing is alive.
2026-04-20 18:19:41,979 [INFO] command processing is alive.
2026-04-20 18:24:42,533 [INFO] command processing is alive.
2026-04-20 18:29:42,926 [INFO] command processing is alive.
2026-04-20 18:34:43,363 [INFO] command processing is alive.
2026-04-20 18:36:23,308 [INFO] Refreshing listener credentials
2026-04-20 18:36:23,377 [INFO] Scheduling next credential refresh in 1799.0 seconds
2026-04-20 18:39:43,748 [INFO] command processing is alive.
2026-04-20 18:44:44,144 [INFO] command processing is alive.
2026-04-20 18:49:44,533 [INFO] command processing is alive.
2026-04-20 18:54:44,934 [INFO] command processing is alive.
2026-04-20 18:59:45,325 [INFO] command processing is alive.
2026-04-20 19:04:45,719 [INFO] command processing is alive.
2026-04-20 19:06:22,377 [INFO] Refreshing listener credentials
2026-04-20 19:06:22,452 [INFO] Scheduling next credential refresh in 1799.0 seconds
2026-04-20 19:09:46,109 [INFO] command processing is alive.
2026-04-20 19:14:46,494 [INFO] command processing is alive.
2026-04-20 19:19:46,894 [INFO] command processing is alive.
2026-04-20 19:24:47,274 [INFO] command processing is alive.
2026-04-20 19:29:47,653 [INFO] command processing is alive.
2026-04-20 19:34:48,044 [INFO] command processing is alive.
2026-04-20 19:36:21,453 [INFO] Refreshing listener credentials
2026-04-20 19:36:21,534 [INFO] Scheduling next credential refresh in 1799.0 seconds
2026-04-20 19:39:48,439 [INFO] command processing is alive.
2026-04-20 19:44:48,821 [INFO] command processing is alive.
2026-04-20 19:49:49,205 [INFO] command processing is alive.
2026-04-20 19:54:49,591 [INFO] command processing is alive.
2026-04-20 19:59:49,980 [INFO] command processing is alive.
2026-04-20 20:04:50,380 [INFO] command processing is alive.
2026-04-20 20:06:20,534 [INFO] Refreshing listener credentials
2026-04-20 20:06:20,609 [INFO] Scheduling next credential refresh in 1799.0 seconds
2026-04-20 20:09:50,761 [INFO] command processing is alive.
2026-04-20 20:14:51,153 [INFO] command processing is alive.
2026-04-20 20:19:51,539 [INFO] command processing is alive.
2026-04-20 20:24:51,926 [INFO] command processing is alive.
2026-04-20 20:29:52,322 [INFO] command processing is alive.
2026-04-20 20:34:52,694 [INFO] command processing is alive.
2026-04-20 20:36:19,610 [INFO] Refreshing listener credentials
2026-04-20 20:36:19,685 [INFO] Scheduling next credential refresh in 1799.0 seconds
2026-04-20 20:39:53,072 [INFO] command processing is alive.
2026-04-20 20:44:53,468 [INFO] command processing is alive.
2026-04-20 20:49:53,850 [INFO] command processing is alive.
2026-04-20 20:54:54,244 [INFO] command processing is alive.
2026-04-20 20:59:54,647 [INFO] command processing is alive.
2026-04-20 21:04:55,023 [INFO] command processing is alive.
2026-04-20 21:06:18,686 [INFO] Refreshing listener credentials
2026-04-20 21:06:18,762 [INFO] Scheduling next credential refresh in 1799.0 seconds
2026-04-20 21:09:55,425 [INFO] command processing is alive.
2026-04-20 21:14:55,808 [INFO] command processing is alive.
2026-04-20 21:19:56,212 [INFO] command processing is alive.
2026-04-20 21:24:56,603 [INFO] command processing is alive.
2026-04-20 21:29:56,997 [INFO] command processing is alive.
2026-04-20 21:34:57,411 [INFO] command processing is alive.
2026-04-20 21:36:17,763 [INFO] Refreshing listener credentials
2026-04-20 21:36:17,839 [INFO] Scheduling next credential refresh in 1799.0 seconds
2026-04-20 21:39:57,795 [INFO] command processing is alive.
2026-04-20 21:44:58,183 [INFO] command processing is alive.
2026-04-20 21:49:58,575 [INFO] command processing is alive.
2026-04-20 21:54:58,969 [INFO] command processing is alive.
2026-04-20 21:59:59,368 [INFO] command processing is alive.
2026-04-20 22:04:59,750 [INFO] command processing is alive.
2026-04-20 22:06:16,839 [INFO] Refreshing listener credentials
2026-04-20 22:06:16,913 [INFO] Scheduling next credential refresh in 1799.0 seconds
2026-04-20 22:10:00,146 [INFO] command processing is alive.
2026-04-20 22:15:00,547 [INFO] command processing is alive.
2026-04-20 22:20:00,949 [INFO] command processing is alive.
2026-04-20 22:25:01,371 [INFO] command processing is alive.
2026-04-20 22:30:01,849 [INFO] command processing is alive.
2026-04-20 22:35:02,351 [INFO] command processing is alive.
2026-04-20 22:36:15,913 [INFO] Refreshing listener credentials
2026-04-20 22:36:15,994 [INFO] Scheduling next credential refresh in 1799.0 seconds
2026-04-20 22:40:02,795 [INFO] command processing is alive.
2026-04-20 22:45:03,167 [INFO] command processing is alive.
2026-04-20 22:50:03,569 [INFO] command processing is alive.
2026-04-20 22:55:03,974 [INFO] command processing is alive.
2026-04-20 23:00:04,357 [INFO] command processing is alive.
2026-04-20 23:05:04,756 [INFO] command processing is alive.
2026-04-20 23:06:14,994 [INFO] Refreshing listener credentials
2026-04-20 23:06:15,086 [INFO] Scheduling next credential refresh in 1799.0 seconds
2026-04-20 23:10:05,131 [INFO] command processing is alive.
2026-04-20 23:15:05,523 [INFO] command processing is alive.
2026-04-20 23:20:05,918 [INFO] command processing is alive.
2026-04-20 23:25:06,303 [INFO] command processing is alive.
2026-04-20 23:30:06,677 [INFO] command processing is alive.
2026-04-20 23:35:07,059 [INFO] command processing is alive.
2026-04-20 23:36:14,087 [INFO] Refreshing listener credentials
2026-04-20 23:36:14,178 [INFO] Scheduling next credential refresh in 1799.0 seconds
2026-04-20 23:40:07,446 [INFO] command processing is alive.
2026-04-20 23:45:07,844 [INFO] command processing is alive.
2026-04-20 23:50:08,239 [INFO] command processing is alive.
2026-04-20 23:55:08,638 [INFO] command processing is alive.
2026-04-21 00:00:09,027 [INFO] command processing is alive.
2026-04-21 00:05:09,414 [INFO] command processing is alive.
2026-04-21 00:06:13,178 [INFO] Refreshing listener credentials
2026-04-21 00:06:13,262 [INFO] Scheduling next credential refresh in 1799.0 seconds
2026-04-21 00:10:09,800 [INFO] command processing is alive.
2026-04-21 00:15:10,167 [INFO] command processing is alive.
2026-04-21 00:20:10,571 [INFO] command processing is alive.
2026-04-21 00:25:10,945 [INFO] command processing is alive.
2026-04-21 00:30:11,332 [INFO] command processing is alive.
2026-04-21 00:35:11,726 [INFO] command processing is alive.
2026-04-21 00:36:12,262 [INFO] Refreshing listener credentials
2026-04-21 00:36:12,342 [INFO] Scheduling next credential refresh in 1799.0 seconds
2026-04-21 00:40:12,107 [INFO] command processing is alive.
2026-04-21 00:45:12,510 [INFO] command processing is alive.
2026-04-21 00:50:12,919 [INFO] command processing is alive.
2026-04-21 00:55:13,319 [INFO] command processing is alive.
2026-04-21 01:00:13,724 [INFO] command processing is alive.
2026-04-21 01:05:14,124 [INFO] command processing is alive.
2026-04-21 01:06:11,343 [INFO] Refreshing listener credentials
2026-04-21 01:06:11,415 [INFO] Scheduling next credential refresh in 1799.0 seconds
2026-04-21 01:10:14,515 [INFO] command processing is alive.
2026-04-21 01:15:14,894 [INFO] command processing is alive.
2026-04-21 01:20:15,276 [INFO] command processing is alive.
2026-04-21 01:25:15,660 [INFO] command processing is alive.
2026-04-21 01:30:16,083 [INFO] command processing is alive.
2026-04-21 01:35:16,473 [INFO] command processing is alive.
2026-04-21 01:36:10,416 [INFO] Refreshing listener credentials
2026-04-21 01:36:10,489 [INFO] Scheduling next credential refresh in 1799.0 seconds
2026-04-21 01:40:16,868 [INFO] command processing is alive.
2026-04-21 01:45:17,276 [INFO] command processing is alive.
2026-04-21 01:50:17,688 [INFO] command processing is alive.
2026-04-21 01:55:18,071 [INFO] command processing is alive.
2026-04-21 02:00:18,464 [INFO] command processing is alive.
2026-04-21 02:05:18,915 [INFO] command processing is alive.
2026-04-21 02:06:09,490 [INFO] Refreshing listener credentials
2026-04-21 02:06:09,566 [INFO] Scheduling next credential refresh in 1799.0 seconds
2026-04-21 02:10:19,302 [INFO] command processing is alive.
2026-04-21 02:15:19,703 [INFO] command processing is alive.
2026-04-21 02:20:20,123 [INFO] command processing is alive.
2026-04-21 02:25:20,725 [INFO] command processing is alive.
2026-04-21 02:30:21,110 [INFO] command processing is alive.
2026-04-21 02:35:21,530 [INFO] command processing is alive.
2026-04-21 02:36:08,566 [INFO] Refreshing listener credentials
2026-04-21 02:36:08,640 [INFO] Scheduling next credential refresh in 1799.0 seconds
2026-04-21 02:40:21,944 [INFO] command processing is alive.
2026-04-21 02:45:22,427 [INFO] command processing is alive.
2026-04-21 02:50:22,825 [INFO] command processing is alive.
2026-04-21 02:55:23,217 [INFO] command processing is alive.
2026-04-21 03:00:23,597 [INFO] command processing is alive.
2026-04-21 03:05:23,979 [INFO] command processing is alive.
2026-04-21 03:06:07,641 [INFO] Refreshing listener credentials
2026-04-21 03:06:07,713 [INFO] Scheduling next credential refresh in 1799.0 seconds
2026-04-21 03:10:24,355 [INFO] command processing is alive.
2026-04-21 03:15:24,744 [INFO] command processing is alive.
2026-04-21 03:20:25,134 [INFO] command processing is alive.
2026-04-21 03:25:25,511 [INFO] command processing is alive.
2026-04-21 03:30:25,898 [INFO] command processing is alive.
2026-04-21 03:35:26,286 [INFO] command processing is alive.
2026-04-21 03:36:06,713 [INFO] Refreshing listener credentials
2026-04-21 03:36:06,792 [INFO] Scheduling next credential refresh in 1799.0 seconds
2026-04-21 03:40:26,676 [INFO] command processing is alive.
2026-04-21 03:45:27,041 [INFO] command processing is alive.
2026-04-21 03:50:27,428 [INFO] command processing is alive.
2026-04-21 03:55:27,828 [INFO] command processing is alive.
2026-04-21 04:00:28,230 [INFO] command processing is alive.
2026-04-21 04:05:28,615 [INFO] command processing is alive.
2026-04-21 04:06:05,792 [INFO] Refreshing listener credentials
2026-04-21 04:06:05,871 [INFO] Scheduling next credential refresh in 1799.0 seconds
2026-04-21 04:10:29,024 [INFO] command processing is alive.
2026-04-21 04:15:29,460 [INFO] command processing is alive.
2026-04-21 04:20:29,850 [INFO] command processing is alive.
2026-04-21 04:25:30,240 [INFO] command processing is alive.
2026-04-21 04:30:30,670 [INFO] command processing is alive.
2026-04-21 04:35:31,056 [INFO] command processing is alive.
2026-04-21 04:36:04,871 [INFO] Refreshing listener credentials
2026-04-21 04:36:04,958 [INFO] Scheduling next credential refresh in 1799.0 seconds
2026-04-21 04:40:31,449 [INFO] command processing is alive.
2026-04-21 04:45:31,848 [INFO] command processing is alive.
2026-04-21 04:50:32,226 [INFO] command processing is alive.
2026-04-21 04:55:32,610 [INFO] command processing is alive.
2026-04-21 05:00:32,986 [INFO] command processing is alive.
2026-04-21 05:05:33,365 [INFO] command processing is alive.
2026-04-21 05:06:03,959 [INFO] Refreshing listener credentials
2026-04-21 05:06:04,038 [INFO] Scheduling next credential refresh in 1799.0 seconds
2026-04-21 05:10:33,760 [INFO] command processing is alive.
2026-04-21 05:15:34,172 [INFO] command processing is alive.
2026-04-21 05:20:34,561 [INFO] command processing is alive.
2026-04-21 05:25:35,185 [INFO] command processing is alive.
2026-04-21 05:30:35,602 [INFO] command processing is alive.
2026-04-21 05:35:36,000 [INFO] command processing is alive.
2026-04-21 05:36:03,039 [INFO] Refreshing listener credentials
2026-04-21 05:36:03,117 [INFO] Scheduling next credential refresh in 1799.0 seconds
2026-04-21 05:40:36,382 [INFO] command processing is alive.
2026-04-21 05:45:36,781 [INFO] command processing is alive.
2026-04-21 05:50:37,174 [INFO] command processing is alive.
2026-04-21 05:55:37,571 [INFO] command processing is alive.
2026-04-21 06:00:37,981 [INFO] command processing is alive.
2026-04-21 06:05:38,373 [INFO] command processing is alive.
2026-04-21 06:06:02,117 [INFO] Refreshing listener credentials
2026-04-21 06:06:02,265 [INFO] Scheduling next credential refresh in 1799.0 seconds
2026-04-21 06:10:38,806 [INFO] command processing is alive.
2026-04-21 06:15:39,195 [INFO] command processing is alive.
2026-04-21 06:20:39,565 [INFO] command processing is alive.
2026-04-21 06:25:39,947 [INFO] command processing is alive.
2026-04-21 06:30:40,387 [INFO] command processing is alive.
2026-04-21 06:35:40,780 [INFO] command processing is alive.
2026-04-21 06:36:01,266 [INFO] Refreshing listener credentials
2026-04-21 06:36:01,391 [INFO] Scheduling next credential refresh in 1799.0 seconds
2026-04-21 06:40:41,227 [INFO] command processing is alive.
2026-04-21 06:45:41,670 [INFO] command processing is alive.
2026-04-21 06:50:42,203 [INFO] command processing is alive.
2026-04-21 06:55:42,650 [INFO] command processing is alive.
2026-04-21 07:00:43,038 [INFO] command processing is alive.
2026-04-21 07:05:43,431 [INFO] command processing is alive.
2026-04-21 07:06:00,392 [INFO] Refreshing listener credentials
2026-04-21 07:06:00,467 [INFO] Scheduling next credential refresh in 1799.0 seconds
2026-04-21 07:10:43,840 [INFO] command processing is alive.
2026-04-21 07:15:44,219 [INFO] command processing is alive.
2026-04-21 07:20:44,628 [INFO] command processing is alive.
2026-04-21 07:25:45,013 [INFO] command processing is alive.
2026-04-21 07:30:45,388 [INFO] command processing is alive.
2026-04-21 07:35:45,777 [INFO] command processing is alive.
2026-04-21 07:35:59,467 [INFO] Refreshing listener credentials
2026-04-21 07:35:59,543 [INFO] Scheduling next credential refresh in 1799.0 seconds
2026-04-21 07:40:46,170 [INFO] command processing is alive.
2026-04-21 07:45:46,567 [INFO] command processing is alive.
2026-04-21 07:50:46,961 [INFO] command processing is alive.
2026-04-21 07:55:47,349 [INFO] command processing is alive.
2026-04-21 08:00:47,771 [INFO] command processing is alive.
2026-04-21 08:05:48,160 [INFO] command processing is alive.
2026-04-21 08:05:58,543 [INFO] Refreshing listener credentials
2026-04-21 08:05:58,620 [INFO] Scheduling next credential refresh in 1799.0 seconds
2026-04-21 08:10:48,561 [INFO] command processing is alive.
2026-04-21 08:15:48,955 [INFO] command processing is alive.
2026-04-21 08:20:49,373 [INFO] command processing is alive.
2026-04-21 08:25:49,760 [INFO] command processing is alive.
2026-04-21 08:30:50,157 [INFO] command processing is alive.
2026-04-21 08:35:50,542 [INFO] command processing is alive.
2026-04-21 08:35:57,620 [INFO] Refreshing listener credentials
2026-04-21 08:35:57,695 [INFO] Scheduling next credential refresh in 1799.0 seconds
2026-04-21 08:40:50,956 [INFO] command processing is alive.
2026-04-21 08:45:51,343 [INFO] command processing is alive.
2026-04-21 08:50:51,734 [INFO] command processing is alive.
2026-04-21 08:55:52,134 [INFO] command processing is alive.
2026-04-21 09:00:52,520 [INFO] command processing is alive.
2026-04-21 09:05:52,913 [INFO] command processing is alive.
2026-04-21 09:05:56,695 [INFO] Refreshing listener credentials
2026-04-21 09:05:56,772 [INFO] Scheduling next credential refresh in 1799.0 seconds
2026-04-21 09:10:53,332 [INFO] command processing is alive.
2026-04-21 09:15:53,755 [INFO] command processing is alive.
2026-04-21 09:20:54,156 [INFO] command processing is alive.
2026-04-21 09:25:54,541 [INFO] command processing is alive.
2026-04-21 09:30:54,950 [INFO] command processing is alive.
2026-04-21 09:35:55,364 [INFO] command processing is alive.
2026-04-21 09:35:55,773 [INFO] Refreshing listener credentials
2026-04-21 09:35:55,853 [INFO] Scheduling next credential refresh in 1799.0 seconds
2026-04-21 09:40:55,740 [INFO] command processing is alive.
2026-04-21 09:45:56,147 [INFO] command processing is alive.
2026-04-21 09:50:56,575 [INFO] command processing is alive.
2026-04-21 09:55:56,974 [INFO] command processing is alive.
2026-04-21 10:00:57,363 [INFO] command processing is alive.
2026-04-21 10:05:54,854 [INFO] Refreshing listener credentials
2026-04-21 10:05:54,927 [INFO] Scheduling next credential refresh in 1799.0 seconds
2026-04-21 10:05:57,741 [INFO] command processing is alive.
2026-04-21 10:10:58,132 [INFO] command processing is alive.
2026-04-21 10:15:58,548 [INFO] command processing is alive.
2026-04-21 10:20:58,946 [INFO] command processing is alive.
2026-04-21 10:25:59,353 [INFO] command processing is alive.
2026-04-21 10:30:59,746 [INFO] command processing is alive.
2026-04-21 10:35:53,927 [INFO] Refreshing listener credentials
2026-04-21 10:35:54,010 [INFO] Scheduling next credential refresh in 1799.0 seconds
2026-04-21 10:36:00,152 [INFO] command processing is alive.
2026-04-21 10:41:00,542 [INFO] command processing is alive.
2026-04-21 10:46:00,940 [INFO] command processing is alive.
2026-04-21 10:51:01,406 [INFO] command processing is alive.
2026-04-21 10:56:01,939 [INFO] command processing is alive.
2026-04-21 11:01:02,482 [INFO] command processing is alive.
2026-04-21 11:05:53,010 [INFO] Refreshing listener credentials
2026-04-21 11:05:53,083 [INFO] Scheduling next credential refresh in 1799.0 seconds
2026-04-21 11:06:02,939 [INFO] command processing is alive.
2026-04-21 11:11:03,335 [INFO] command processing is alive.
2026-04-21 11:16:03,759 [INFO] command processing is alive.
2026-04-21 11:21:04,134 [INFO] command processing is alive.
2026-04-21 11:26:04,523 [INFO] command processing is alive.
2026-04-21 11:31:04,937 [INFO] command processing is alive.
2026-04-21 11:35:52,083 [INFO] Refreshing listener credentials
2026-04-21 11:35:52,166 [INFO] Scheduling next credential refresh in 1799.0 seconds
2026-04-21 11:36:05,320 [INFO] command processing is alive.
2026-04-21 11:41:05,721 [INFO] command processing is alive.
2026-04-21 11:46:06,096 [INFO] command processing is alive.
2026-04-21 11:51:06,493 [INFO] command processing is alive.
2026-04-21 11:56:06,878 [INFO] command processing is alive.
2026-04-21 12:01:07,262 [INFO] command processing is alive.
2026-04-21 12:05:51,167 [INFO] Refreshing listener credentials
2026-04-21 12:05:51,260 [INFO] Scheduling next credential refresh in 1799.0 seconds
2026-04-21 12:06:07,648 [INFO] command processing is alive.
2026-04-21 12:11:08,022 [INFO] command processing is alive.
2026-04-21 12:16:08,426 [INFO] command processing is alive.
2026-04-21 12:21:08,833 [INFO] command processing is alive.
2026-04-21 12:26:09,220 [INFO] command processing is alive.
2026-04-21 12:31:09,637 [INFO] command processing is alive.
2026-04-21 12:35:50,261 [INFO] Refreshing listener credentials
2026-04-21 12:35:50,333 [INFO] Scheduling next credential refresh in 1799.0 seconds
2026-04-21 12:36:10,015 [INFO] command processing is alive.
2026-04-21 12:41:10,415 [INFO] command processing is alive.
2026-04-21 12:46:10,802 [INFO] command processing is alive.
2026-04-21 12:51:11,180 [INFO] command processing is alive.
2026-04-21 12:56:11,560 [INFO] command processing is alive.
2026-04-21 13:01:11,954 [INFO] command processing is alive.
2026-04-21 13:05:49,333 [INFO] Refreshing listener credentials
2026-04-21 13:05:49,412 [INFO] Scheduling next credential refresh in 1799.0 seconds
2026-04-21 13:06:12,343 [INFO] command processing is alive.
2026-04-21 13:11:12,756 [INFO] command processing is alive.
2026-04-21 13:16:13,158 [INFO] command processing is alive.
2026-04-21 13:21:13,565 [INFO] command processing is alive.
2026-04-21 13:26:13,955 [INFO] command processing is alive.
2026-04-21 13:31:14,334 [INFO] command processing is alive.
2026-04-21 13:35:48,413 [INFO] Refreshing listener credentials
2026-04-21 13:35:48,505 [INFO] Scheduling next credential refresh in 1799.0 seconds
2026-04-21 13:36:14,714 [INFO] command processing is alive.
2026-04-21 13:41:15,110 [INFO] command processing is alive.
2026-04-21 13:46:15,516 [INFO] command processing is alive.
2026-04-21 13:51:15,922 [INFO] command processing is alive.
2026-04-21 13:56:16,301 [INFO] command processing is alive.
2026-04-21 14:01:16,693 [INFO] command processing is alive.
2026-04-21 14:05:47,506 [INFO] Refreshing listener credentials
2026-04-21 14:05:47,586 [INFO] Scheduling next credential refresh in 1799.0 seconds
2026-04-21 14:06:17,098 [INFO] command processing is alive.
2026-04-21 14:11:17,507 [INFO] command processing is alive.
2026-04-21 14:16:17,920 [INFO] command processing is alive.
2026-04-21 14:21:18,316 [INFO] command processing is alive.
2026-04-21 14:26:18,689 [INFO] command processing is alive.
2026-04-21 14:31:19,070 [INFO] command processing is alive.
2026-04-21 14:35:46,587 [INFO] Refreshing listener credentials
2026-04-21 14:35:46,661 [INFO] Scheduling next credential refresh in 1799.0 seconds
2026-04-21 14:36:19,454 [INFO] command processing is alive.
2026-04-21 14:41:19,843 [INFO] command processing is alive.
2026-04-21 14:46:20,284 [INFO] command processing is alive.
2026-04-21 14:51:20,701 [INFO] command processing is alive.
2026-04-21 14:56:21,081 [INFO] command processing is alive.
2026-04-21 15:01:21,507 [INFO] command processing is alive.
2026-04-21 15:05:45,662 [INFO] Refreshing listener credentials
2026-04-21 15:05:45,736 [INFO] Scheduling next credential refresh in 1799.0 seconds
2026-04-21 15:06:21,989 [INFO] command processing is alive.
2026-04-21 15:11:22,421 [INFO] command processing is alive.
2026-04-21 15:16:22,800 [INFO] command processing is alive.
2026-04-21 15:21:23,192 [INFO] command processing is alive.
2026-04-21 15:26:23,578 [INFO] command processing is alive.
2026-04-21 15:31:23,970 [INFO] command processing is alive.
2026-04-21 15:35:44,736 [INFO] Refreshing listener credentials
2026-04-21 15:35:44,814 [INFO] Scheduling next credential refresh in 1799.0 seconds
2026-04-21 15:36:24,363 [INFO] command processing is alive.
2026-04-21 15:41:24,752 [INFO] command processing is alive.
2026-04-21 15:46:25,139 [INFO] command processing is alive.
2026-04-21 15:51:25,514 [INFO] command processing is alive.
2026-04-21 15:56:25,911 [INFO] command processing is alive.
2026-04-21 16:01:26,319 [INFO] command processing is alive.
2026-04-21 16:05:43,815 [INFO] Refreshing listener credentials
2026-04-21 16:05:43,885 [INFO] Scheduling next credential refresh in 1799.0 seconds
2026-04-21 16:06:26,744 [INFO] command processing is alive.
2026-04-21 16:11:27,114 [INFO] command processing is alive.
2026-04-21 16:16:27,508 [INFO] command processing is alive.
2026-04-21 16:21:27,894 [INFO] command processing is alive.
2026-04-21 16:26:28,303 [INFO] command processing is alive.
2026-04-21 16:31:28,683 [INFO] command processing is alive.
2026-04-21 16:35:42,885 [INFO] Refreshing listener credentials
2026-04-21 16:35:42,967 [INFO] Scheduling next credential refresh in 1799.0 seconds
2026-04-21 16:36:29,061 [INFO] command processing is alive.
2026-04-21 16:41:29,445 [INFO] command processing is alive.
2026-04-21 16:46:29,828 [INFO] command processing is alive.
2026-04-21 16:51:30,189 [INFO] command processing is alive.
2026-04-21 16:56:30,576 [INFO] command processing is alive.
2026-04-21 17:01:30,969 [INFO] command processing is alive.
2026-04-21 17:05:41,967 [INFO] Refreshing listener credentials
2026-04-21 17:05:42,057 [INFO] Scheduling next credential refresh in 1799.0 seconds
2026-04-21 17:06:31,365 [INFO] command processing is alive.
2026-04-21 17:11:31,771 [INFO] command processing is alive.
2026-04-21 17:16:32,157 [INFO] command processing is alive.
2026-04-21 17:21:32,561 [INFO] command processing is alive.
2026-04-21 17:26:32,936 [INFO] command processing is alive.
2026-04-21 17:31:33,390 [INFO] command processing is alive.
2026-04-21 17:35:41,058 [INFO] Refreshing listener credentials
2026-04-21 17:35:41,138 [INFO] Scheduling next credential refresh in 1799.0 seconds
2026-04-21 17:36:33,781 [INFO] command processing is alive.
2026-04-21 17:41:34,160 [INFO] command processing is alive.
2026-04-21 17:46:34,542 [INFO] command processing is alive.
2026-04-21 17:51:34,958 [INFO] command processing is alive.
2026-04-21 17:56:35,386 [INFO] command processing is alive.
2026-04-21 18:01:35,780 [INFO] command processing is alive.
2026-04-21 18:05:40,138 [INFO] Refreshing listener credentials
2026-04-21 18:05:40,211 [INFO] Scheduling next credential refresh in 1799.0 seconds
2026-04-21 18:06:36,180 [INFO] command processing is alive.
2026-04-21 18:11:36,561 [INFO] command processing is alive.
2026-04-21 18:16:36,974 [INFO] command processing is alive.
2026-04-21 18:21:37,404 [INFO] command processing is alive.
2026-04-21 18:26:37,787 [INFO] command processing is alive.
2026-04-21 18:31:38,180 [INFO] command processing is alive.
2026-04-21 18:35:39,212 [INFO] Refreshing listener credentials
2026-04-21 18:35:39,284 [INFO] Scheduling next credential refresh in 1799.0 seconds
2026-04-21 18:36:38,563 [INFO] command processing is alive.
2026-04-21 18:41:38,982 [INFO] command processing is alive.
2026-04-21 18:46:39,361 [INFO] command processing is alive.
2026-04-21 18:51:39,740 [INFO] command processing is alive.
2026-04-21 18:56:40,159 [INFO] command processing is alive.
2026-04-21 19:01:40,557 [INFO] command processing is alive.
2026-04-21 19:05:38,284 [INFO] Refreshing listener credentials
2026-04-21 19:05:38,376 [INFO] Scheduling next credential refresh in 1799.0 seconds
2026-04-21 19:06:40,938 [INFO] command processing is alive.
2026-04-21 19:11:41,344 [INFO] command processing is alive.
2026-04-21 19:16:41,841 [INFO] command processing is alive.
2026-04-21 19:21:42,428 [INFO] command processing is alive.
2026-04-21 19:26:42,822 [INFO] command processing is alive.
2026-04-21 19:31:43,232 [INFO] command processing is alive.
2026-04-21 19:35:37,377 [INFO] Refreshing listener credentials
2026-04-21 19:35:37,461 [INFO] Scheduling next credential refresh in 1799.0 seconds
2026-04-21 19:36:43,616 [INFO] command processing is alive.
2026-04-21 19:41:44,004 [INFO] command processing is alive.
2026-04-21 19:46:44,377 [INFO] command processing is alive.
2026-04-21 19:51:44,786 [INFO] command processing is alive.
2026-04-21 19:56:45,168 [INFO] command processing is alive.
2026-04-21 20:01:45,556 [INFO] command processing is alive.
2026-04-21 20:05:36,462 [INFO] Refreshing listener credentials
2026-04-21 20:05:36,546 [INFO] Scheduling next credential refresh in 1799.0 seconds
2026-04-21 20:06:45,945 [INFO] command processing is alive.
2026-04-21 20:11:46,337 [INFO] command processing is alive.
2026-04-21 20:16:46,726 [INFO] command processing is alive.
2026-04-21 20:21:47,109 [INFO] command processing is alive.
2026-04-21 20:26:47,514 [INFO] command processing is alive.
2026-04-21 20:31:47,888 [INFO] command processing is alive.
2026-04-21 20:35:35,547 [INFO] Refreshing listener credentials
2026-04-21 20:35:35,620 [INFO] Scheduling next credential refresh in 1799.0 seconds
2026-04-21 20:36:48,274 [INFO] command processing is alive.
2026-04-21 20:41:48,690 [INFO] command processing is alive.
2026-04-21 20:46:49,122 [INFO] command processing is alive.
2026-04-21 20:51:49,514 [INFO] command processing is alive.
2026-04-21 20:56:49,890 [INFO] command processing is alive.
2026-04-21 21:01:50,267 [INFO] command processing is alive.
2026-04-21 21:05:34,621 [INFO] Refreshing listener credentials
2026-04-21 21:05:34,695 [INFO] Scheduling next credential refresh in 1799.0 seconds
2026-04-21 21:06:50,662 [INFO] command processing is alive.
2026-04-21 21:11:51,100 [INFO] command processing is alive.
2026-04-21 21:16:51,987 [INFO] command processing is alive.
2026-04-21 21:21:52,382 [INFO] command processing is alive.
2026-04-21 21:26:52,844 [INFO] command processing is alive.
2026-04-21 21:31:53,242 [INFO] command processing is alive.
2026-04-21 21:35:33,695 [INFO] Refreshing listener credentials
2026-04-21 21:35:33,777 [INFO] Scheduling next credential refresh in 1799.0 seconds
2026-04-21 21:36:53,644 [INFO] command processing is alive.
2026-04-21 21:41:54,042 [INFO] command processing is alive.
2026-04-21 21:46:54,424 [INFO] command processing is alive.
2026-04-21 21:51:54,826 [INFO] command processing is alive.
2026-04-21 21:56:55,211 [INFO] command processing is alive.
2026-04-21 22:01:55,590 [INFO] command processing is alive.
2026-04-21 22:05:32,777 [INFO] Refreshing listener credentials
2026-04-21 22:05:32,856 [INFO] Scheduling next credential refresh in 1799.0 seconds
2026-04-21 22:06:55,999 [INFO] command processing is alive.
2026-04-21 22:11:56,401 [INFO] command processing is alive.
2026-04-21 22:16:56,792 [INFO] command processing is alive.
2026-04-21 22:21:57,187 [INFO] command processing is alive.
2026-04-21 22:26:57,592 [INFO] command processing is alive.
2026-04-21 22:31:57,984 [INFO] command processing is alive.
2026-04-21 22:35:31,857 [INFO] Refreshing listener credentials
2026-04-21 22:35:31,935 [INFO] Scheduling next credential refresh in 1799.0 seconds
2026-04-21 22:36:58,376 [INFO] command processing is alive.
2026-04-21 22:41:58,770 [INFO] command processing is alive.
2026-04-21 22:46:59,149 [INFO] command processing is alive.
2026-04-21 22:51:59,534 [INFO] command processing is alive.
2026-04-21 22:56:59,903 [INFO] command processing is alive.
2026-04-21 23:02:00,374 [INFO] command processing is alive.
2026-04-21 23:05:30,936 [INFO] Refreshing listener credentials
2026-04-21 23:05:31,004 [INFO] Scheduling next credential refresh in 1799.0 seconds
2026-04-21 23:07:00,778 [INFO] command processing is alive.
2026-04-21 23:12:01,153 [INFO] command processing is alive.
2026-04-21 23:17:01,607 [INFO] command processing is alive.
2026-04-21 23:22:02,055 [INFO] command processing is alive.
2026-04-21 23:27:02,455 [INFO] command processing is alive.
2026-04-21 23:32:02,850 [INFO] command processing is alive.
2026-04-21 23:35:30,004 [INFO] Refreshing listener credentials
2026-04-21 23:35:30,079 [INFO] Scheduling next credential refresh in 1799.0 seconds
2026-04-21 23:37:03,256 [INFO] command processing is alive.
2026-04-21 23:42:03,645 [INFO] command processing is alive.
2026-04-21 23:47:04,021 [INFO] command processing is alive.
2026-04-21 23:52:04,406 [INFO] command processing is alive.
2026-04-21 23:57:04,791 [INFO] command processing is alive.
2026-04-22 00:02:05,165 [INFO] command processing is alive.
2026-04-22 00:05:29,080 [INFO] Refreshing listener credentials
2026-04-22 00:05:29,149 [INFO] Scheduling next credential refresh in 1799.0 seconds
2026-04-22 00:07:05,554 [INFO] command processing is alive.
2026-04-22 00:12:05,936 [INFO] command processing is alive.
2026-04-22 00:17:06,315 [INFO] command processing is alive.
2026-04-22 00:22:06,693 [INFO] command processing is alive.
2026-04-22 00:27:07,080 [INFO] command processing is alive.
2026-04-22 00:32:07,468 [INFO] command processing is alive.
2026-04-22 00:35:28,150 [INFO] Refreshing listener credentials
2026-04-22 00:35:28,218 [INFO] Scheduling next credential refresh in 1799.0 seconds
2026-04-22 00:37:07,846 [INFO] command processing is alive.
2026-04-22 00:42:08,226 [INFO] command processing is alive.
2026-04-22 00:47:08,611 [INFO] command processing is alive.
2026-04-22 00:52:09,005 [INFO] command processing is alive.
2026-04-22 00:57:09,381 [INFO] command processing is alive.
2026-04-22 01:02:09,768 [INFO] command processing is alive.
2026-04-22 01:05:27,218 [INFO] Refreshing listener credentials
2026-04-22 01:05:27,315 [INFO] Scheduling next credential refresh in 1799.0 seconds
2026-04-22 01:07:10,159 [INFO] command processing is alive.
2026-04-22 01:12:10,580 [INFO] command processing is alive.
2026-04-22 01:17:10,967 [INFO] command processing is alive.
2026-04-22 01:22:11,352 [INFO] command processing is alive.
2026-04-22 01:27:11,736 [INFO] command processing is alive.
2026-04-22 01:32:12,123 [INFO] command processing is alive.
2026-04-22 01:35:26,316 [INFO] Refreshing listener credentials
2026-04-22 01:35:26,399 [INFO] Scheduling next credential refresh in 1799.0 seconds
2026-04-22 01:37:12,515 [INFO] command processing is alive.
2026-04-22 01:42:12,899 [INFO] command processing is alive.
2026-04-22 01:47:13,289 [INFO] command processing is alive.
2026-04-22 01:52:13,690 [INFO] command processing is alive.
2026-04-22 01:57:14,078 [INFO] command processing is alive.
2026-04-22 02:02:14,489 [INFO] command processing is alive.
2026-04-22 02:05:25,399 [INFO] Refreshing listener credentials
2026-04-22 02:05:25,472 [INFO] Scheduling next credential refresh in 1799.0 seconds
2026-04-22 02:07:14,874 [INFO] command processing is alive.
2026-04-22 02:12:15,271 [INFO] command processing is alive.
2026-04-22 02:17:15,654 [INFO] command processing is alive.
2026-04-22 02:22:16,050 [INFO] command processing is alive.
2026-04-22 02:27:16,450 [INFO] command processing is alive.
2026-04-22 02:32:16,831 [INFO] command processing is alive.
2026-04-22 02:35:24,473 [INFO] Refreshing listener credentials
2026-04-22 02:35:24,546 [INFO] Scheduling next credential refresh in 1799.0 seconds
2026-04-22 02:37:17,217 [INFO] command processing is alive.
2026-04-22 02:42:17,595 [INFO] command processing is alive.
2026-04-22 02:47:17,970 [INFO] command processing is alive.
2026-04-22 02:52:18,382 [INFO] command processing is alive.
2026-04-22 02:57:18,782 [INFO] command processing is alive.
2026-04-22 03:02:19,157 [INFO] command processing is alive.
2026-04-22 03:05:23,546 [INFO] Refreshing listener credentials
2026-04-22 03:05:23,632 [INFO] Scheduling next credential refresh in 1799.0 seconds
2026-04-22 03:07:19,536 [INFO] command processing is alive.
2026-04-22 03:12:19,926 [INFO] command processing is alive.
2026-04-22 03:17:20,352 [INFO] command processing is alive.
2026-04-22 03:22:20,775 [INFO] command processing is alive.
2026-04-22 03:27:21,177 [INFO] command processing is alive.
2026-04-22 03:32:21,630 [INFO] command processing is alive.
2026-04-22 03:35:22,633 [INFO] Refreshing listener credentials
2026-04-22 03:35:22,713 [INFO] Scheduling next credential refresh in 1799.0 seconds
2026-04-22 03:37:22,064 [INFO] command processing is alive.
2026-04-22 03:42:22,516 [INFO] command processing is alive.
2026-04-22 03:47:22,901 [INFO] command processing is alive.
2026-04-22 03:52:23,298 [INFO] command processing is alive.
2026-04-22 03:57:23,698 [INFO] command processing is alive.
2026-04-22 04:02:24,081 [INFO] command processing is alive.
2026-04-22 04:05:21,714 [INFO] Refreshing listener credentials
2026-04-22 04:05:21,788 [INFO] Scheduling next credential refresh in 1799.0 seconds
2026-04-22 04:07:24,476 [INFO] command processing is alive.
2026-04-22 04:12:24,850 [INFO] command processing is alive.
2026-04-22 04:17:25,244 [INFO] command processing is alive.
2026-04-22 04:22:25,640 [INFO] command processing is alive.
2026-04-22 04:27:26,017 [INFO] command processing is alive.
2026-04-22 04:32:26,411 [INFO] command processing is alive.
2026-04-22 04:35:20,788 [INFO] Refreshing listener credentials
2026-04-22 04:35:20,864 [INFO] Scheduling next credential refresh in 1799.0 seconds
2026-04-22 04:37:26,808 [INFO] command processing is alive.
2026-04-22 04:42:27,200 [INFO] command processing is alive.
2026-04-22 04:47:27,613 [INFO] command processing is alive.
2026-04-22 04:52:28,018 [INFO] command processing is alive.
2026-04-22 04:57:28,410 [INFO] command processing is alive.
2026-04-22 05:02:28,807 [INFO] command processing is alive.
2026-04-22 05:05:19,865 [INFO] Refreshing listener credentials
2026-04-22 05:05:19,955 [INFO] Scheduling next credential refresh in 1799.0 seconds
2026-04-22 05:07:29,197 [INFO] command processing is alive.
2026-04-22 05:12:29,589 [INFO] command processing is alive.
2026-04-22 05:17:30,007 [INFO] command processing is alive.
2026-04-22 05:22:30,396 [INFO] command processing is alive.
2026-04-22 05:27:30,787 [INFO] command processing is alive.
2026-04-22 05:32:31,183 [INFO] command processing is alive.
2026-04-22 05:35:18,956 [INFO] Refreshing listener credentials
2026-04-22 05:35:19,041 [INFO] Scheduling next credential refresh in 1799.0 seconds
2026-04-22 05:37:31,587 [INFO] command processing is alive.
2026-04-22 05:42:31,978 [INFO] command processing is alive.
2026-04-22 05:47:32,366 [INFO] command processing is alive.
2026-04-22 05:52:32,753 [INFO] command processing is alive.
2026-04-22 05:57:33,151 [INFO] command processing is alive.
2026-04-22 06:02:33,525 [INFO] command processing is alive.
2026-04-22 06:05:18,042 [INFO] Refreshing listener credentials
2026-04-22 06:05:18,118 [INFO] Scheduling next credential refresh in 1799.0 seconds
2026-04-22 06:07:33,918 [INFO] command processing is alive.
2026-04-22 06:12:34,295 [INFO] command processing is alive.
2026-04-22 06:17:34,697 [INFO] command processing is alive.
2026-04-22 06:22:35,078 [INFO] command processing is alive.
2026-04-22 06:27:35,459 [INFO] command processing is alive.
2026-04-22 06:32:35,862 [INFO] command processing is alive.
2026-04-22 06:35:17,118 [INFO] Refreshing listener credentials
2026-04-22 06:35:17,229 [INFO] Scheduling next credential refresh in 1799.0 seconds
2026-04-22 06:37:36,254 [INFO] command processing is alive.
2026-04-22 06:42:36,640 [INFO] command processing is alive.
2026-04-22 06:47:37,030 [INFO] command processing is alive.
2026-04-22 06:52:37,410 [INFO] command processing is alive.
2026-04-22 06:57:37,793 [INFO] command processing is alive.
2026-04-22 07:02:38,205 [INFO] command processing is alive.
2026-04-22 07:05:16,230 [INFO] Refreshing listener credentials
2026-04-22 07:05:16,311 [INFO] Scheduling next credential refresh in 1799.0 seconds
2026-04-22 07:07:38,638 [INFO] command processing is alive.
2026-04-22 07:12:39,026 [INFO] command processing is alive.
2026-04-22 07:17:39,471 [INFO] command processing is alive.
2026-04-22 07:22:39,859 [INFO] command processing is alive.
2026-04-22 07:27:40,322 [INFO] command processing is alive.
2026-04-22 07:32:40,721 [INFO] command processing is alive.
2026-04-22 07:35:15,312 [INFO] Refreshing listener credentials
2026-04-22 07:35:15,397 [INFO] Scheduling next credential refresh in 1799.0 seconds
2026-04-22 07:37:41,179 [INFO] command processing is alive.
2026-04-22 07:42:41,638 [INFO] command processing is alive.
2026-04-22 07:47:42,124 [INFO] command processing is alive.
2026-04-22 07:52:42,697 [INFO] command processing is alive.
2026-04-22 07:57:43,107 [INFO] command processing is alive.
2026-04-22 08:02:43,522 [INFO] command processing is alive.
2026-04-22 08:05:14,397 [INFO] Refreshing listener credentials
2026-04-22 08:05:14,477 [INFO] Scheduling next credential refresh in 1799.0 seconds
2026-04-22 08:07:43,921 [INFO] command processing is alive.
2026-04-22 08:12:44,292 [INFO] command processing is alive.
2026-04-22 08:17:44,720 [INFO] command processing is alive.
2026-04-22 08:22:45,113 [INFO] command processing is alive.
2026-04-22 08:27:45,507 [INFO] command processing is alive.
2026-04-22 08:32:45,877 [INFO] command processing is alive.
2026-04-22 08:35:13,477 [INFO] Refreshing listener credentials
2026-04-22 08:35:13,566 [INFO] Scheduling next credential refresh in 1799.0 seconds
2026-04-22 08:37:46,268 [INFO] command processing is alive.
2026-04-22 08:42:46,654 [INFO] command processing is alive.
2026-04-22 08:47:47,032 [INFO] command processing is alive.
2026-04-22 08:52:47,449 [INFO] command processing is alive.
2026-04-22 08:57:47,876 [INFO] command processing is alive.
2026-04-22 09:02:48,253 [INFO] command processing is alive.
2026-04-22 09:05:12,567 [INFO] Refreshing listener credentials
2026-04-22 09:05:12,641 [INFO] Scheduling next credential refresh in 1799.0 seconds
2026-04-22 09:07:48,652 [INFO] command processing is alive.
2026-04-22 09:12:49,040 [INFO] command processing is alive.
2026-04-22 09:17:49,438 [INFO] command processing is alive.
2026-04-22 09:22:49,829 [INFO] command processing is alive.
2026-04-22 09:27:50,241 [INFO] command processing is alive.
2026-04-22 09:32:50,613 [INFO] command processing is alive.
2026-04-22 09:35:11,642 [INFO] Refreshing listener credentials
2026-04-22 09:35:11,716 [INFO] Scheduling next credential refresh in 1799.0 seconds
2026-04-22 09:37:51,015 [INFO] command processing is alive.
2026-04-22 09:42:51,453 [INFO] command processing is alive.
2026-04-22 09:47:51,839 [INFO] command processing is alive.
2026-04-22 09:52:52,233 [INFO] command processing is alive.
2026-04-22 09:57:52,647 [INFO] command processing is alive.
2026-04-22 10:02:53,037 [INFO] command processing is alive.
2026-04-22 10:05:10,716 [INFO] Refreshing listener credentials
2026-04-22 10:05:10,789 [INFO] Scheduling next credential refresh in 1799.0 seconds
2026-04-22 10:07:53,416 [INFO] command processing is alive.
2026-04-22 10:12:53,799 [INFO] command processing is alive.
2026-04-22 10:17:54,172 [INFO] command processing is alive.
2026-04-22 10:22:54,588 [INFO] command processing is alive.
2026-04-22 10:27:54,999 [INFO] command processing is alive.
2026-04-22 10:32:55,379 [INFO] command processing is alive.
2026-04-22 10:35:09,789 [INFO] Refreshing listener credentials
2026-04-22 10:35:09,863 [INFO] Scheduling next credential refresh in 1799.0 seconds
2026-04-22 10:37:55,751 [INFO] command processing is alive.
2026-04-22 10:42:56,126 [INFO] command processing is alive.
2026-04-22 10:47:56,509 [INFO] command processing is alive.
2026-04-22 10:52:56,911 [INFO] command processing is alive.
2026-04-22 10:57:57,288 [INFO] command processing is alive.
2026-04-22 11:02:57,685 [INFO] command processing is alive.
2026-04-22 11:05:08,863 [INFO] Refreshing listener credentials
2026-04-22 11:05:08,940 [INFO] Scheduling next credential refresh in 1799.0 seconds
2026-04-22 11:07:58,096 [INFO] command processing is alive.
2026-04-22 11:12:58,490 [INFO] command processing is alive.
2026-04-22 11:17:58,902 [INFO] command processing is alive.
2026-04-22 11:22:59,280 [INFO] command processing is alive.
2026-04-22 11:27:59,690 [INFO] command processing is alive.
2026-04-22 11:33:00,151 [INFO] command processing is alive.
2026-04-22 11:35:07,940 [INFO] Refreshing listener credentials
2026-04-22 11:35:08,061 [INFO] Scheduling next credential refresh in 1799.0 seconds
2026-04-22 11:38:00,550 [INFO] command processing is alive.
2026-04-22 11:43:00,942 [INFO] command processing is alive.
2026-04-22 11:48:01,347 [INFO] command processing is alive.
2026-04-22 11:53:01,852 [INFO] command processing is alive.
2026-04-22 11:58:02,364 [INFO] command processing is alive.
2026-04-22 12:03:02,760 [INFO] command processing is alive.
2026-04-22 12:05:07,061 [INFO] Refreshing listener credentials
2026-04-22 12:05:07,137 [INFO] Scheduling next credential refresh in 1799.0 seconds
2026-04-22 12:08:03,183 [INFO] command processing is alive.
2026-04-22 12:13:03,582 [INFO] command processing is alive.
2026-04-22 12:18:03,987 [INFO] command processing is alive.
2026-04-22 12:23:04,380 [INFO] command processing is alive.
2026-04-22 12:28:04,755 [INFO] command processing is alive.
2026-04-22 12:33:05,142 [INFO] command processing is alive.
2026-04-22 12:35:06,138 [INFO] Refreshing listener credentials
2026-04-22 12:35:06,216 [INFO] Scheduling next credential refresh in 1799.0 seconds
2026-04-22 12:38:05,542 [INFO] command processing is alive.
2026-04-22 12:43:05,925 [INFO] command processing is alive.
2026-04-22 12:48:06,312 [INFO] command processing is alive.
2026-04-22 12:53:06,699 [INFO] command processing is alive.
2026-04-22 12:58:07,099 [INFO] command processing is alive.
2026-04-22 13:03:07,498 [INFO] command processing is alive.
2026-04-22 13:05:05,217 [INFO] Refreshing listener credentials
2026-04-22 13:05:05,288 [INFO] Scheduling next credential refresh in 1799.0 seconds
2026-04-22 13:08:07,873 [INFO] command processing is alive.
2026-04-22 13:13:08,267 [INFO] command processing is alive.
2026-04-22 13:18:08,647 [INFO] command processing is alive.
2026-04-22 13:23:09,026 [INFO] command processing is alive.
2026-04-22 13:28:09,451 [INFO] command processing is alive.
2026-04-22 13:33:09,842 [INFO] command processing is alive.
2026-04-22 13:35:04,288 [INFO] Refreshing listener credentials
2026-04-22 13:35:04,379 [INFO] Scheduling next credential refresh in 1799.0 seconds
2026-04-22 13:38:10,225 [INFO] command processing is alive.
2026-04-22 13:43:10,621 [INFO] command processing is alive.
2026-04-22 13:48:11,035 [INFO] command processing is alive.
2026-04-22 13:53:11,436 [INFO] command processing is alive.
2026-04-22 13:58:11,839 [INFO] command processing is alive.
2026-04-22 14:03:12,230 [INFO] command processing is alive.
2026-04-22 14:05:03,379 [INFO] Refreshing listener credentials
2026-04-22 14:05:03,459 [INFO] Scheduling next credential refresh in 1799.0 seconds
2026-04-22 14:08:12,624 [INFO] command processing is alive.
2026-04-22 14:13:13,027 [INFO] command processing is alive.
2026-04-22 14:18:13,420 [INFO] command processing is alive.
2026-04-22 14:23:13,802 [INFO] command processing is alive.
2026-04-22 14:28:14,191 [INFO] command processing is alive.
2026-04-22 14:33:14,587 [INFO] command processing is alive.
2026-04-22 14:35:02,460 [INFO] Refreshing listener credentials
2026-04-22 14:35:02,534 [INFO] Scheduling next credential refresh in 1799.0 seconds
2026-04-22 14:38:14,981 [INFO] command processing is alive.
2026-04-22 14:43:15,360 [INFO] command processing is alive.
2026-04-22 14:48:15,808 [INFO] command processing is alive.
2026-04-22 14:53:16,206 [INFO] command processing is alive.
2026-04-22 14:58:16,623 [INFO] command processing is alive.
2026-04-22 15:03:17,023 [INFO] command processing is alive.
2026-04-22 15:05:01,534 [INFO] Refreshing listener credentials
2026-04-22 15:05:01,690 [INFO] Scheduling next credential refresh in 1799.0 seconds
2026-04-22 15:08:17,414 [INFO] command processing is alive.
2026-04-22 15:13:17,797 [INFO] command processing is alive.
2026-04-22 15:18:18,185 [INFO] command processing is alive.
2026-04-22 15:23:18,574 [INFO] command processing is alive.
2026-04-22 15:28:18,966 [INFO] command processing is alive.
2026-04-22 15:33:19,369 [INFO] command processing is alive.
2026-04-22 15:35:00,692 [INFO] Refreshing listener credentials
2026-04-22 15:35:00,778 [INFO] Scheduling next credential refresh in 1799.0 seconds
2026-04-22 15:38:19,748 [INFO] command processing is alive.
2026-04-22 15:43:20,165 [INFO] command processing is alive.
2026-04-22 15:48:20,605 [INFO] command processing is alive.
2026-04-22 15:53:20,982 [INFO] command processing is alive.
2026-04-22 15:58:21,447 [INFO] command processing is alive.
2026-04-22 16:03:21,898 [INFO] command processing is alive.
2026-04-22 16:04:59,778 [INFO] Refreshing listener credentials
2026-04-22 16:04:59,853 [INFO] Scheduling next credential refresh in 1799.0 seconds
2026-04-22 16:08:22,420 [INFO] command processing is alive.
2026-04-22 16:13:22,856 [INFO] command processing is alive.
2026-04-22 16:18:23,262 [INFO] command processing is alive.
2026-04-22 16:23:23,642 [INFO] command processing is alive.
2026-04-22 16:28:24,060 [INFO] command processing is alive.
2026-04-22 16:33:24,437 [INFO] command processing is alive.
2026-04-22 16:34:58,854 [INFO] Refreshing listener credentials
2026-04-22 16:34:58,927 [INFO] Scheduling next credential refresh in 1799.0 seconds
2026-04-22 16:38:24,817 [INFO] command processing is alive.
2026-04-22 16:43:25,207 [INFO] command processing is alive.
2026-04-22 16:48:25,589 [INFO] command processing is alive.
2026-04-22 16:53:25,981 [INFO] command processing is alive.
2026-04-22 16:58:26,378 [INFO] command processing is alive.
2026-04-22 17:03:26,761 [INFO] command processing is alive.
2026-04-22 17:04:57,927 [INFO] Refreshing listener credentials
2026-04-22 17:04:58,039 [INFO] Scheduling next credential refresh in 1799.0 seconds
2026-04-22 17:08:27,137 [INFO] command processing is alive.
2026-04-22 17:13:27,520 [INFO] command processing is alive.
2026-04-22 17:18:27,886 [INFO] command processing is alive.
2026-04-22 17:23:28,255 [INFO] command processing is alive.
2026-04-22 17:28:28,648 [INFO] command processing is alive.
2026-04-22 17:33:29,046 [INFO] command processing is alive.
2026-04-22 17:34:57,040 [INFO] Refreshing listener credentials
2026-04-22 17:34:57,126 [INFO] Scheduling next credential refresh in 1799.0 seconds
2026-04-22 17:38:29,456 [INFO] command processing is alive.
2026-04-22 17:43:29,853 [INFO] command processing is alive.
2026-04-22 17:48:30,241 [INFO] command processing is alive.
2026-04-22 17:53:30,636 [INFO] command processing is alive.
2026-04-22 17:58:31,018 [INFO] command processing is alive.
2026-04-22 18:03:31,410 [INFO] command processing is alive.
2026-04-22 18:04:56,126 [INFO] Refreshing listener credentials
2026-04-22 18:04:56,222 [INFO] Scheduling next credential refresh in 1799.0 seconds
2026-04-22 18:08:31,815 [INFO] command processing is alive.
2026-04-22 18:13:32,198 [INFO] command processing is alive.
2026-04-22 18:18:32,597 [INFO] command processing is alive.
2026-04-22 18:23:33,003 [INFO] command processing is alive.
2026-04-22 18:28:33,403 [INFO] command processing is alive.
2026-04-22 18:33:33,801 [INFO] command processing is alive.
2026-04-22 18:34:55,223 [INFO] Refreshing listener credentials
2026-04-22 18:34:55,303 [INFO] Scheduling next credential refresh in 1799.0 seconds
2026-04-22 18:38:34,186 [INFO] command processing is alive.
2026-04-22 18:43:34,579 [INFO] command processing is alive.
2026-04-22 18:48:34,971 [INFO] command processing is alive.
2026-04-22 18:53:35,365 [INFO] command processing is alive.
2026-04-22 18:58:35,747 [INFO] command processing is alive.
2026-04-22 19:03:36,132 [INFO] command processing is alive.
2026-04-22 19:04:54,303 [INFO] Refreshing listener credentials
2026-04-22 19:04:54,378 [INFO] Scheduling next credential refresh in 1799.0 seconds
2026-04-22 19:08:36,520 [INFO] command processing is alive.
2026-04-22 19:13:36,907 [INFO] command processing is alive.
2026-04-22 19:18:37,321 [INFO] command processing is alive.
2026-04-22 19:23:37,696 [INFO] command processing is alive.
2026-04-22 19:28:38,111 [INFO] command processing is alive.
2026-04-22 19:33:38,526 [INFO] command processing is alive.
2026-04-22 19:34:53,379 [INFO] Refreshing listener credentials
2026-04-22 19:34:53,466 [INFO] Scheduling next credential refresh in 1799.0 seconds
2026-04-22 19:38:38,909 [INFO] command processing is alive.
2026-04-22 19:43:39,293 [INFO] command processing is alive.
2026-04-22 19:48:39,673 [INFO] command processing is alive.
2026-04-22 19:53:40,147 [INFO] command processing is alive.
2026-04-22 19:58:40,544 [INFO] command processing is alive.
2026-04-22 20:03:40,910 [INFO] command processing is alive.
2026-04-22 20:04:52,466 [INFO] Refreshing listener credentials
2026-04-22 20:04:52,537 [INFO] Scheduling next credential refresh in 1799.0 seconds
2026-04-22 20:08:41,287 [INFO] command processing is alive.
2026-04-22 20:13:41,781 [INFO] command processing is alive.
2026-04-22 20:18:42,303 [INFO] command processing is alive.
2026-04-22 20:23:42,697 [INFO] command processing is alive.
2026-04-22 20:28:43,077 [INFO] command processing is alive.
2026-04-22 20:33:43,511 [INFO] command processing is alive.
2026-04-22 20:34:51,537 [INFO] Refreshing listener credentials
2026-04-22 20:34:51,616 [INFO] Scheduling next credential refresh in 1799.0 seconds
2026-04-22 20:38:43,902 [INFO] command processing is alive.
2026-04-22 20:43:44,443 [INFO] command processing is alive.
2026-04-22 20:48:44,837 [INFO] command processing is alive.
2026-04-22 20:53:45,210 [INFO] command processing is alive.
2026-04-22 20:58:45,603 [INFO] command processing is alive.
2026-04-22 21:03:45,985 [INFO] command processing is alive.
2026-04-22 21:04:50,616 [INFO] Refreshing listener credentials
2026-04-22 21:04:50,695 [INFO] Scheduling next credential refresh in 1799.0 seconds
2026-04-22 21:08:46,899 [INFO] command processing is alive.
2026-04-22 21:13:47,296 [INFO] command processing is alive.
2026-04-22 21:18:47,677 [INFO] command processing is alive.
2026-04-22 21:23:48,041 [INFO] command processing is alive.
2026-04-22 21:28:48,422 [INFO] command processing is alive.
2026-04-22 21:33:48,821 [INFO] command processing is alive.
2026-04-22 21:34:49,695 [INFO] Refreshing listener credentials
2026-04-22 21:34:49,765 [INFO] Scheduling next credential refresh in 1799.0 seconds
2026-04-22 21:38:49,200 [INFO] command processing is alive.
2026-04-22 21:43:49,584 [INFO] command processing is alive.
2026-04-22 21:48:49,976 [INFO] command processing is alive.
2026-04-22 21:53:50,369 [INFO] command processing is alive.
2026-04-22 21:58:50,753 [INFO] command processing is alive.
2026-04-22 22:03:51,144 [INFO] command processing is alive.
2026-04-22 22:04:48,765 [INFO] Refreshing listener credentials
2026-04-22 22:04:48,837 [INFO] Scheduling next credential refresh in 1799.0 seconds
2026-04-22 22:08:51,532 [INFO] command processing is alive.
2026-04-22 22:13:51,931 [INFO] command processing is alive.
2026-04-22 22:18:52,326 [INFO] command processing is alive.
2026-04-22 22:23:52,720 [INFO] command processing is alive.
2026-04-22 22:28:53,096 [INFO] command processing is alive.
2026-04-22 22:33:53,480 [INFO] command processing is alive.
2026-04-22 22:34:47,837 [INFO] Refreshing listener credentials
2026-04-22 22:34:47,910 [INFO] Scheduling next credential refresh in 1799.0 seconds
2026-04-22 22:38:53,860 [INFO] command processing is alive.
2026-04-22 22:43:54,262 [INFO] command processing is alive.
2026-04-22 22:48:54,663 [INFO] command processing is alive.
2026-04-22 22:53:55,085 [INFO] command processing is alive.
2026-04-22 22:58:55,481 [INFO] command processing is alive.
2026-04-22 23:03:55,858 [INFO] command processing is alive.
2026-04-22 23:04:46,910 [INFO] Refreshing listener credentials
2026-04-22 23:04:46,986 [INFO] Scheduling next credential refresh in 1799.0 seconds
2026-04-22 23:08:56,263 [INFO] command processing is alive.
2026-04-22 23:13:56,644 [INFO] command processing is alive.
2026-04-22 23:18:57,022 [INFO] command processing is alive.
2026-04-22 23:23:57,407 [INFO] command processing is alive.
2026-04-22 23:28:57,800 [INFO] command processing is alive.
2026-04-22 23:33:58,187 [INFO] command processing is alive.
2026-04-22 23:34:45,987 [INFO] Refreshing listener credentials
2026-04-22 23:34:46,053 [INFO] Scheduling next credential refresh in 1799.0 seconds
2026-04-22 23:38:58,568 [INFO] command processing is alive.
2026-04-22 23:43:58,947 [INFO] command processing is alive.
2026-04-22 23:48:59,319 [INFO] command processing is alive.
2026-04-22 23:53:59,704 [INFO] command processing is alive.
2026-04-22 23:59:00,131 [INFO] command processing is alive.
2026-04-23 00:04:00,565 [INFO] command processing is alive.
2026-04-23 00:04:45,054 [INFO] Refreshing listener credentials
2026-04-23 00:04:45,138 [INFO] Scheduling next credential refresh in 1799.0 seconds
2026-04-23 00:09:00,947 [INFO] command processing is alive.
2026-04-23 00:14:01,373 [INFO] command processing is alive.
2026-04-23 00:19:01,834 [INFO] command processing is alive.
2026-04-23 00:24:02,385 [INFO] command processing is alive.
2026-04-23 00:29:02,842 [INFO] command processing is alive.
2026-04-23 00:34:03,244 [INFO] command processing is alive.
2026-04-23 00:34:44,139 [INFO] Refreshing listener credentials
2026-04-23 00:34:44,214 [INFO] Scheduling next credential refresh in 1799.0 seconds
2026-04-23 00:39:03,632 [INFO] command processing is alive.
2026-04-23 00:44:04,033 [INFO] command processing is alive.
2026-04-23 00:49:04,414 [INFO] command processing is alive.
2026-04-23 00:54:04,794 [INFO] command processing is alive.
2026-04-23 00:59:05,178 [INFO] command processing is alive.
2026-04-23 01:04:05,577 [INFO] command processing is alive.
2026-04-23 01:04:43,215 [INFO] Refreshing listener credentials
2026-04-23 01:04:43,287 [INFO] Scheduling next credential refresh in 1799.0 seconds
2026-04-23 01:09:05,952 [INFO] command processing is alive.
2026-04-23 01:14:06,356 [INFO] command processing is alive.
2026-04-23 01:19:06,740 [INFO] command processing is alive.
2026-04-23 01:24:07,126 [INFO] command processing is alive.
2026-04-23 01:29:07,500 [INFO] command processing is alive.
2026-04-23 01:34:07,882 [INFO] command processing is alive.
2026-04-23 01:34:42,287 [INFO] Refreshing listener credentials
2026-04-23 01:34:42,361 [INFO] Scheduling next credential refresh in 1799.0 seconds
2026-04-23 01:39:08,291 [INFO] command processing is alive.
2026-04-23 01:44:08,675 [INFO] command processing is alive.
2026-04-23 01:49:09,071 [INFO] command processing is alive.
2026-04-23 01:54:09,471 [INFO] command processing is alive.
2026-04-23 01:59:09,905 [INFO] command processing is alive.
2026-04-23 02:04:10,281 [INFO] command processing is alive.
2026-04-23 02:04:41,361 [INFO] Refreshing listener credentials
2026-04-23 02:04:41,439 [INFO] Scheduling next credential refresh in 1799.0 seconds
2026-04-23 02:09:10,692 [INFO] command processing is alive.
2026-04-23 02:14:11,090 [INFO] command processing is alive.
2026-04-23 02:19:11,476 [INFO] command processing is alive.
2026-04-23 02:24:11,865 [INFO] command processing is alive.
2026-04-23 02:29:12,242 [INFO] command processing is alive.
2026-04-23 02:34:12,644 [INFO] command processing is alive.
2026-04-23 02:34:40,440 [INFO] Refreshing listener credentials
2026-04-23 02:34:40,519 [INFO] Scheduling next credential refresh in 1799.0 seconds
2026-04-23 02:39:13,068 [INFO] command processing is alive.
2026-04-23 02:44:13,439 [INFO] command processing is alive.
2026-04-23 02:49:13,839 [INFO] command processing is alive.
2026-04-23 02:54:14,215 [INFO] command processing is alive.
2026-04-23 02:59:14,611 [INFO] command processing is alive.
2026-04-23 03:04:15,047 [INFO] command processing is alive.
2026-04-23 03:04:39,520 [INFO] Refreshing listener credentials
2026-04-23 03:04:39,595 [INFO] Scheduling next credential refresh in 1799.0 seconds
2026-04-23 03:09:15,445 [INFO] command processing is alive.
2026-04-23 03:14:15,826 [INFO] command processing is alive.
2026-04-23 03:19:16,213 [INFO] command processing is alive.
2026-04-23 03:24:16,624 [INFO] command processing is alive.
2026-04-23 03:29:17,007 [INFO] command processing is alive.
2026-04-23 03:34:17,400 [INFO] command processing is alive.
2026-04-23 03:34:38,595 [INFO] Refreshing listener credentials
2026-04-23 03:34:38,673 [INFO] Scheduling next credential refresh in 1799.0 seconds
2026-04-23 03:39:17,788 [INFO] command processing is alive.
2026-04-23 03:44:18,163 [INFO] command processing is alive.
2026-04-23 03:49:18,562 [INFO] command processing is alive.
2026-04-23 03:54:18,943 [INFO] command processing is alive.
2026-04-23 03:59:19,326 [INFO] command processing is alive.
2026-04-23 04:04:19,719 [INFO] command processing is alive.
2026-04-23 04:04:37,674 [INFO] Refreshing listener credentials
2026-04-23 04:04:37,758 [INFO] Scheduling next credential refresh in 1799.0 seconds
2026-04-23 04:09:20,138 [INFO] command processing is alive.
2026-04-23 04:14:20,557 [INFO] command processing is alive.
2026-04-23 04:19:20,949 [INFO] command processing is alive.
2026-04-23 04:24:21,341 [INFO] command processing is alive.
2026-04-23 04:29:21,767 [INFO] command processing is alive.
2026-04-23 04:34:22,223 [INFO] command processing is alive.
2026-04-23 04:34:36,759 [INFO] Refreshing listener credentials
2026-04-23 04:34:36,835 [INFO] Scheduling next credential refresh in 1799.0 seconds
2026-04-23 04:39:22,642 [INFO] command processing is alive.
2026-04-23 04:44:23,074 [INFO] command processing is alive.
2026-04-23 04:49:23,471 [INFO] command processing is alive.
2026-04-23 04:54:23,852 [INFO] command processing is alive.
2026-04-23 04:59:24,235 [INFO] command processing is alive.
2026-04-23 05:04:24,627 [INFO] command processing is alive.
2026-04-23 05:04:35,835 [INFO] Refreshing listener credentials
2026-04-23 05:04:35,913 [INFO] Scheduling next credential refresh in 1799.0 seconds
2026-04-23 05:09:25,049 [INFO] command processing is alive.
2026-04-23 05:14:25,433 [INFO] command processing is alive.
2026-04-23 05:19:25,826 [INFO] command processing is alive.
2026-04-23 05:24:26,213 [INFO] command processing is alive.
2026-04-23 05:29:26,591 [INFO] command processing is alive.
2026-04-23 05:34:26,993 [INFO] command processing is alive.
2026-04-23 05:34:34,913 [INFO] Refreshing listener credentials
2026-04-23 05:34:34,998 [INFO] Scheduling next credential refresh in 1799.0 seconds
2026-04-23 05:39:27,383 [INFO] command processing is alive.
2026-04-23 05:44:27,774 [INFO] command processing is alive.
2026-04-23 05:49:28,157 [INFO] command processing is alive.
2026-04-23 05:54:28,564 [INFO] command processing is alive.
2026-04-23 05:59:28,947 [INFO] command processing is alive.
2026-04-23 06:04:29,337 [INFO] command processing is alive.
2026-04-23 06:04:33,998 [INFO] Refreshing listener credentials
2026-04-23 06:04:34,077 [INFO] Scheduling next credential refresh in 1799.0 seconds
2026-04-23 06:09:29,713 [INFO] command processing is alive.
2026-04-23 06:14:30,141 [INFO] command processing is alive.
2026-04-23 06:19:30,542 [INFO] command processing is alive.
2026-04-23 06:24:30,936 [INFO] command processing is alive.
2026-04-23 06:29:31,350 [INFO] command processing is alive.
2026-04-23 06:34:31,754 [INFO] command processing is alive.
2026-04-23 06:34:33,078 [INFO] Refreshing listener credentials
2026-04-23 06:34:33,160 [INFO] Scheduling next credential refresh in 1799.0 seconds
2026-04-23 06:39:32,168 [INFO] command processing is alive.
2026-04-23 06:44:32,573 [INFO] command processing is alive.
2026-04-23 06:49:32,945 [INFO] command processing is alive.
2026-04-23 06:54:33,334 [INFO] command processing is alive.
2026-04-23 06:59:33,727 [INFO] command processing is alive.
2026-04-23 07:04:32,161 [INFO] Refreshing listener credentials
2026-04-23 07:04:32,235 [INFO] Scheduling next credential refresh in 1799.0 seconds
2026-04-23 07:04:34,123 [INFO] command processing is alive.
2026-04-23 07:09:34,519 [INFO] command processing is alive.
2026-04-23 07:14:34,914 [INFO] command processing is alive.
2026-04-23 07:19:35,329 [INFO] command processing is alive.
2026-04-23 07:24:35,724 [INFO] command processing is alive.
2026-04-23 07:29:36,115 [INFO] command processing is alive.
2026-04-23 07:34:31,235 [INFO] Refreshing listener credentials
2026-04-23 07:34:31,309 [INFO] Scheduling next credential refresh in 1799.0 seconds
2026-04-23 07:34:36,521 [INFO] command processing is alive.
2026-04-23 07:39:36,912 [INFO] command processing is alive.
2026-04-23 07:44:37,308 [INFO] command processing is alive.
2026-04-23 07:49:37,690 [INFO] command processing is alive.
2026-04-23 07:54:38,084 [INFO] command processing is alive.
2026-04-23 07:59:38,468 [INFO] command processing is alive.
2026-04-23 08:04:30,310 [INFO] Refreshing listener credentials
2026-04-23 08:04:30,399 [INFO] Scheduling next credential refresh in 1799.0 seconds
2026-04-23 08:04:38,862 [INFO] command processing is alive.
2026-04-23 08:09:39,231 [INFO] command processing is alive.
2026-04-23 08:14:39,609 [INFO] command processing is alive.
2026-04-23 08:19:39,995 [INFO] command processing is alive.
2026-04-23 08:24:40,473 [INFO] command processing is alive.
2026-04-23 08:29:40,891 [INFO] command processing is alive.
2026-04-23 08:34:29,399 [INFO] Refreshing listener credentials
2026-04-23 08:34:29,466 [INFO] Scheduling next credential refresh in 1799.0 seconds
2026-04-23 08:34:41,303 [INFO] command processing is alive.
2026-04-23 08:39:41,778 [INFO] command processing is alive.
2026-04-23 08:44:42,306 [INFO] command processing is alive.
2026-04-23 08:49:42,713 [INFO] command processing is alive.
2026-04-23 08:54:43,104 [INFO] command processing is alive.
2026-04-23 08:59:43,502 [INFO] command processing is alive.
2026-04-23 09:04:28,467 [INFO] Refreshing listener credentials
2026-04-23 09:04:28,538 [INFO] Scheduling next credential refresh in 1799.0 seconds
2026-04-23 09:04:43,920 [INFO] command processing is alive.
2026-04-23 09:09:44,337 [INFO] command processing is alive.
2026-04-23 09:14:44,735 [INFO] command processing is alive.
2026-04-23 09:19:45,142 [INFO] command processing is alive.
2026-04-23 09:24:45,530 [INFO] command processing is alive.
2026-04-23 09:29:45,916 [INFO] command processing is alive.
2026-04-23 09:34:27,538 [INFO] Refreshing listener credentials
2026-04-23 09:34:27,605 [INFO] Scheduling next credential refresh in 1799.0 seconds
2026-04-23 09:34:46,299 [INFO] command processing is alive.
2026-04-23 09:39:46,694 [INFO] command processing is alive.
2026-04-23 09:44:47,074 [INFO] command processing is alive.
2026-04-23 09:49:47,467 [INFO] command processing is alive.
2026-04-23 09:54:47,867 [INFO] command processing is alive.
2026-04-23 09:59:48,263 [INFO] command processing is alive.
2026-04-23 10:04:26,605 [INFO] Refreshing listener credentials
2026-04-23 10:04:26,682 [INFO] Scheduling next credential refresh in 1799.0 seconds
2026-04-23 10:04:48,648 [INFO] command processing is alive.
2026-04-23 10:09:49,036 [INFO] command processing is alive.
2026-04-23 10:14:49,422 [INFO] command processing is alive.
2026-04-23 10:19:49,790 [INFO] command processing is alive.
2026-04-23 10:24:50,175 [INFO] command processing is alive.
2026-04-23 10:29:50,601 [INFO] command processing is alive.
2026-04-23 10:34:25,682 [INFO] Refreshing listener credentials
2026-04-23 10:34:25,768 [INFO] Scheduling next credential refresh in 1799.0 seconds
2026-04-23 10:34:50,990 [INFO] command processing is alive.
2026-04-23 10:39:51,386 [INFO] command processing is alive.
2026-04-23 10:44:51,798 [INFO] command processing is alive.
2026-04-23 10:49:52,173 [INFO] command processing is alive.
2026-04-23 10:54:52,557 [INFO] command processing is alive.
2026-04-23 10:59:52,988 [INFO] command processing is alive.
2026-04-23 11:04:24,768 [INFO] Refreshing listener credentials
2026-04-23 11:04:24,837 [INFO] Scheduling next credential refresh in 1799.0 seconds
2026-04-23 11:04:53,399 [INFO] command processing is alive.
2026-04-23 11:09:53,787 [INFO] command processing is alive.
2026-04-23 11:14:54,186 [INFO] command processing is alive.
2026-04-23 11:19:54,569 [INFO] command processing is alive.
2026-04-23 11:24:54,974 [INFO] command processing is alive.
2026-04-23 11:29:55,370 [INFO] command processing is alive.
2026-04-23 11:34:23,837 [INFO] Refreshing listener credentials
2026-04-23 11:34:23,913 [INFO] Scheduling next credential refresh in 1799.0 seconds
2026-04-23 11:34:55,747 [INFO] command processing is alive.
2026-04-23 11:39:56,154 [INFO] command processing is alive.
2026-04-23 11:44:56,563 [INFO] command processing is alive.
2026-04-23 11:49:56,965 [INFO] command processing is alive.
2026-04-23 11:54:57,360 [INFO] command processing is alive.
2026-04-23 11:59:57,733 [INFO] command processing is alive.
2026-04-23 12:04:22,913 [INFO] Refreshing listener credentials
2026-04-23 12:04:22,995 [INFO] Scheduling next credential refresh in 1799.0 seconds
2026-04-23 12:04:58,121 [INFO] command processing is alive.
2026-04-23 12:09:58,504 [INFO] command processing is alive.
2026-04-23 12:14:58,889 [INFO] command processing is alive.
2026-04-23 12:19:59,255 [INFO] command processing is alive.
2026-04-23 12:24:59,627 [INFO] command processing is alive.
2026-04-23 12:30:00,038 [INFO] command processing is alive.
2026-04-23 12:34:21,996 [INFO] Refreshing listener credentials
2026-04-23 12:34:22,072 [INFO] Scheduling next credential refresh in 1799.0 seconds
2026-04-23 12:35:00,541 [INFO] command processing is alive.
2026-04-23 12:40:00,932 [INFO] command processing is alive.
2026-04-23 12:45:01,343 [INFO] command processing is alive.
2026-04-23 12:50:01,772 [INFO] command processing is alive.
2026-04-23 12:55:02,306 [INFO] command processing is alive.
2026-04-23 13:00:02,695 [INFO] command processing is alive.
2026-04-23 13:04:21,072 [INFO] Refreshing listener credentials
2026-04-23 13:04:21,159 [INFO] Scheduling next credential refresh in 1799.0 seconds
2026-04-23 13:05:03,093 [INFO] command processing is alive.
2026-04-23 13:10:03,494 [INFO] command processing is alive.
2026-04-23 13:15:03,883 [INFO] command processing is alive.
2026-04-23 13:20:04,285 [INFO] command processing is alive.
2026-04-23 13:25:04,696 [INFO] command processing is alive.
2026-04-23 13:30:05,087 [INFO] command processing is alive.
2026-04-23 13:34:20,160 [INFO] Refreshing listener credentials
2026-04-23 13:34:20,239 [INFO] Scheduling next credential refresh in 1799.0 seconds
2026-04-23 13:35:05,681 [INFO] command processing is alive.
2026-04-23 13:40:06,081 [INFO] command processing is alive.
2026-04-23 13:45:06,472 [INFO] command processing is alive.
2026-04-23 13:50:06,865 [INFO] command processing is alive.
2026-04-23 13:55:07,276 [INFO] command processing is alive.
2026-04-23 14:00:07,690 [INFO] command processing is alive.
2026-04-23 14:04:19,239 [INFO] Refreshing listener credentials
2026-04-23 14:04:19,324 [INFO] Scheduling next credential refresh in 1799.0 seconds
2026-04-23 14:05:08,077 [INFO] command processing is alive.
2026-04-23 14:10:08,462 [INFO] command processing is alive.
2026-04-23 14:15:08,893 [INFO] command processing is alive.
2026-04-23 14:20:09,273 [INFO] command processing is alive.
2026-04-23 14:25:09,666 [INFO] command processing is alive.
2026-04-23 14:30:10,042 [INFO] command processing is alive.
2026-04-23 14:34:18,324 [INFO] Refreshing listener credentials
2026-04-23 14:34:18,402 [INFO] Scheduling next credential refresh in 1799.0 seconds
2026-04-23 14:35:10,425 [INFO] command processing is alive.
2026-04-23 14:40:10,815 [INFO] command processing is alive.
2026-04-23 14:45:11,207 [INFO] command processing is alive.
2026-04-23 14:50:11,602 [INFO] command processing is alive.
2026-04-23 14:55:12,001 [INFO] command processing is alive.
2026-04-23 15:00:12,390 [INFO] command processing is alive.
2026-04-23 15:04:17,403 [INFO] Refreshing listener credentials
2026-04-23 15:04:17,484 [INFO] Scheduling next credential refresh in 1799.0 seconds
2026-04-23 15:05:12,810 [INFO] command processing is alive.
2026-04-23 15:10:13,221 [INFO] command processing is alive.
2026-04-23 15:15:13,621 [INFO] command processing is alive.
2026-04-23 15:20:14,020 [INFO] command processing is alive.
2026-04-23 15:25:14,412 [INFO] command processing is alive.
2026-04-23 15:30:14,803 [INFO] command processing is alive.
2026-04-23 15:34:16,484 [INFO] Refreshing listener credentials
2026-04-23 15:34:16,570 [INFO] Scheduling next credential refresh in 1799.0 seconds
2026-04-23 15:35:15,202 [INFO] command processing is alive.
2026-04-23 15:40:15,608 [INFO] command processing is alive.
2026-04-23 15:45:15,999 [INFO] command processing is alive.
2026-04-23 15:50:16,390 [INFO] command processing is alive.
2026-04-23 15:55:16,787 [INFO] command processing is alive.
2026-04-23 16:00:17,187 [INFO] command processing is alive.
2026-04-23 16:04:15,570 [INFO] Refreshing listener credentials
2026-04-23 16:04:15,648 [INFO] Scheduling next credential refresh in 1799.0 seconds
2026-04-23 16:05:17,576 [INFO] command processing is alive.
2026-04-23 16:10:17,962 [INFO] command processing is alive.
2026-04-23 16:15:18,352 [INFO] command processing is alive.
2026-04-23 16:20:18,745 [INFO] command processing is alive.
2026-04-23 16:25:19,121 [INFO] command processing is alive.
2026-04-23 16:30:19,524 [INFO] command processing is alive.
2026-04-23 16:34:14,649 [INFO] Refreshing listener credentials
2026-04-23 16:34:14,724 [INFO] Scheduling next credential refresh in 1799.0 seconds
2026-04-23 16:35:19,918 [INFO] command processing is alive.
2026-04-23 16:40:20,358 [INFO] command processing is alive.
2026-04-23 16:45:20,744 [INFO] command processing is alive.
2026-04-23 16:50:21,156 [INFO] command processing is alive.
2026-04-23 16:55:21,600 [INFO] command processing is alive.
2026-04-23 17:00:22,018 [INFO] command processing is alive.
2026-04-23 17:04:13,724 [INFO] Refreshing listener credentials
2026-04-23 17:04:13,796 [INFO] Scheduling next credential refresh in 1799.0 seconds
2026-04-23 17:05:22,439 [INFO] command processing is alive.
2026-04-23 17:10:22,867 [INFO] command processing is alive.
2026-04-23 17:15:23,266 [INFO] command processing is alive.
2026-04-23 17:20:23,660 [INFO] command processing is alive.
2026-04-23 17:25:24,086 [INFO] command processing is alive.
2026-04-23 17:30:24,468 [INFO] command processing is alive.
2026-04-23 17:34:12,797 [INFO] Refreshing listener credentials
2026-04-23 17:34:12,875 [INFO] Scheduling next credential refresh in 1799.0 seconds
2026-04-23 17:35:24,859 [INFO] command processing is alive.
2026-04-23 17:40:25,283 [INFO] command processing is alive.
2026-04-23 17:45:25,669 [INFO] command processing is alive.
2026-04-23 17:50:26,065 [INFO] command processing is alive.
2026-04-23 17:55:26,464 [INFO] command processing is alive.
2026-04-23 18:00:26,852 [INFO] command processing is alive.
2026-04-23 18:04:11,875 [INFO] Refreshing listener credentials
2026-04-23 18:04:11,948 [INFO] Scheduling next credential refresh in 1799.0 seconds
2026-04-23 18:05:27,243 [INFO] command processing is alive.
2026-04-23 18:10:27,637 [INFO] command processing is alive.
2026-04-23 18:15:28,009 [INFO] command processing is alive.
2026-04-23 18:20:28,419 [INFO] command processing is alive.
2026-04-23 18:25:28,793 [INFO] command processing is alive.
2026-04-23 18:30:29,169 [INFO] command processing is alive.
2026-04-23 18:34:10,948 [INFO] Refreshing listener credentials
2026-04-23 18:34:11,018 [INFO] Scheduling next credential refresh in 1799.0 seconds
2026-04-23 18:35:29,562 [INFO] command processing is alive.
2026-04-23 18:40:29,948 [INFO] command processing is alive.
2026-04-23 18:45:30,339 [INFO] command processing is alive.
2026-04-23 18:50:30,737 [INFO] command processing is alive.
2026-04-23 18:55:31,145 [INFO] command processing is alive.
2026-04-23 19:00:31,566 [INFO] command processing is alive.
2026-04-23 19:04:10,019 [INFO] Refreshing listener credentials
2026-04-23 19:04:10,090 [INFO] Scheduling next credential refresh in 1799.0 seconds
2026-04-23 19:05:31,992 [INFO] command processing is alive.
2026-04-23 19:10:32,389 [INFO] command processing is alive.
2026-04-23 19:15:32,773 [INFO] command processing is alive.
2026-04-23 19:20:33,155 [INFO] command processing is alive.
2026-04-23 19:25:33,555 [INFO] command processing is alive.
2026-04-23 19:30:33,943 [INFO] command processing is alive.
2026-04-23 19:34:09,091 [INFO] Refreshing listener credentials
2026-04-23 19:34:09,166 [INFO] Scheduling next credential refresh in 1799.0 seconds
2026-04-23 19:35:34,334 [INFO] command processing is alive.
2026-04-23 19:40:34,717 [INFO] command processing is alive.
2026-04-23 19:45:35,112 [INFO] command processing is alive.
2026-04-23 19:50:35,520 [INFO] command processing is alive.
2026-04-23 19:55:35,919 [INFO] command processing is alive.
2026-04-23 20:00:36,339 [INFO] command processing is alive.
2026-04-23 20:04:08,167 [INFO] Refreshing listener credentials
2026-04-23 20:04:08,240 [INFO] Scheduling next credential refresh in 1799.0 seconds
2026-04-23 20:05:36,737 [INFO] command processing is alive.
2026-04-23 20:10:37,114 [INFO] command processing is alive.
2026-04-23 20:15:37,525 [INFO] command processing is alive.
2026-04-23 20:20:37,936 [INFO] command processing is alive.
2026-04-23 20:25:38,306 [INFO] command processing is alive.
2026-04-23 20:30:38,718 [INFO] command processing is alive.
2026-04-23 20:34:07,241 [INFO] Refreshing listener credentials
2026-04-23 20:34:07,312 [INFO] Scheduling next credential refresh in 1799.0 seconds
2026-04-23 20:35:39,127 [INFO] command processing is alive.
2026-04-23 20:40:39,511 [INFO] command processing is alive.
2026-04-23 20:45:39,877 [INFO] command processing is alive.
2026-04-23 20:50:40,291 [INFO] command processing is alive.
2026-04-23 20:55:40,700 [INFO] command processing is alive.
2026-04-23 21:00:41,134 [INFO] command processing is alive.
2026-04-23 21:04:06,313 [INFO] Refreshing listener credentials
2026-04-23 21:04:06,386 [INFO] Scheduling next credential refresh in 1799.0 seconds
2026-04-23 21:05:41,658 [INFO] command processing is alive.
2026-04-23 21:10:42,158 [INFO] command processing is alive.
2026-04-23 21:15:42,678 [INFO] command processing is alive.
2026-04-23 21:20:43,062 [INFO] command processing is alive.
2026-04-23 21:25:43,458 [INFO] command processing is alive.
2026-04-23 21:30:43,845 [INFO] command processing is alive.
2026-04-23 21:34:05,387 [INFO] Refreshing listener credentials
2026-04-23 21:34:05,462 [INFO] Scheduling next credential refresh in 1799.0 seconds
2026-04-23 21:35:44,252 [INFO] command processing is alive.
2026-04-23 21:40:44,634 [INFO] command processing is alive.
2026-04-23 21:45:45,030 [INFO] command processing is alive.
2026-04-23 21:50:45,417 [INFO] command processing is alive.
2026-04-23 21:55:45,798 [INFO] command processing is alive.
2026-04-23 22:00:46,191 [INFO] command processing is alive.
2026-04-23 22:04:04,463 [INFO] Refreshing listener credentials
2026-04-23 22:04:04,539 [INFO] Scheduling next credential refresh in 1799.0 seconds
2026-04-23 22:05:46,584 [INFO] command processing is alive.
2026-04-23 22:10:46,975 [INFO] command processing is alive.
2026-04-23 22:15:47,367 [INFO] command processing is alive.
2026-04-23 22:20:47,775 [INFO] command processing is alive.
2026-04-23 22:25:48,169 [INFO] command processing is alive.
2026-04-23 22:30:48,561 [INFO] command processing is alive.
2026-04-23 22:34:03,540 [INFO] Refreshing listener credentials
2026-04-23 22:34:03,611 [INFO] Scheduling next credential refresh in 1799.0 seconds
2026-04-23 22:35:48,956 [INFO] command processing is alive.
2026-04-23 22:40:49,340 [INFO] command processing is alive.
2026-04-23 22:45:49,731 [INFO] command processing is alive.
2026-04-23 22:50:50,123 [INFO] command processing is alive.
2026-04-23 22:55:50,505 [INFO] command processing is alive.
2026-04-23 23:00:50,889 [INFO] command processing is alive.
2026-04-23 23:04:02,612 [INFO] Refreshing listener credentials
2026-04-23 23:04:02,692 [INFO] Scheduling next credential refresh in 1799.0 seconds
2026-04-23 23:05:51,275 [INFO] command processing is alive.
2026-04-23 23:10:51,685 [INFO] command processing is alive.
2026-04-23 23:15:52,084 [INFO] command processing is alive.
2026-04-23 23:20:52,465 [INFO] command processing is alive.
2026-04-23 23:25:52,866 [INFO] command processing is alive.
2026-04-23 23:30:53,255 [INFO] command processing is alive.
2026-04-23 23:34:01,692 [INFO] Refreshing listener credentials
2026-04-23 23:34:01,784 [INFO] Scheduling next credential refresh in 1799.0 seconds
2026-04-23 23:35:53,653 [INFO] command processing is alive.
2026-04-23 23:40:54,048 [INFO] command processing is alive.
2026-04-23 23:45:54,427 [INFO] command processing is alive.
2026-04-23 23:50:54,817 [INFO] command processing is alive.
2026-04-23 23:55:55,204 [INFO] command processing is alive.
2026-04-24 00:00:55,602 [INFO] command processing is alive.
2026-04-24 00:04:00,785 [INFO] Refreshing listener credentials
2026-04-24 00:04:00,863 [INFO] Scheduling next credential refresh in 1799.0 seconds
2026-04-24 00:05:56,013 [INFO] command processing is alive.
2026-04-24 00:10:56,423 [INFO] command processing is alive.
2026-04-24 00:15:56,844 [INFO] command processing is alive.
2026-04-24 00:20:57,242 [INFO] command processing is alive.
2026-04-24 00:25:57,635 [INFO] command processing is alive.
2026-04-24 00:30:58,028 [INFO] command processing is alive.
2026-04-24 00:33:59,863 [INFO] Refreshing listener credentials
2026-04-24 00:33:59,934 [INFO] Scheduling next credential refresh in 1799.0 seconds
2026-04-24 00:35:58,417 [INFO] command processing is alive.
2026-04-24 00:40:58,788 [INFO] command processing is alive.
2026-04-24 00:45:59,182 [INFO] command processing is alive.
2026-04-24 00:50:59,566 [INFO] command processing is alive.
2026-04-24 00:55:59,971 [INFO] command processing is alive.
2026-04-24 01:01:00,413 [INFO] command processing is alive.
2026-04-24 01:03:58,935 [INFO] Refreshing listener credentials
2026-04-24 01:03:59,017 [INFO] Scheduling next credential refresh in 1799.0 seconds
2026-04-24 01:06:00,835 [INFO] command processing is alive.
2026-04-24 01:11:01,246 [INFO] command processing is alive.
2026-04-24 01:16:01,696 [INFO] command processing is alive.
2026-04-24 01:21:02,222 [INFO] command processing is alive.
2026-04-24 01:26:02,624 [INFO] command processing is alive.
2026-04-24 01:31:03,039 [INFO] command processing is alive.
2026-04-24 01:33:58,018 [INFO] Refreshing listener credentials
2026-04-24 01:33:58,096 [INFO] Scheduling next credential refresh in 1799.0 seconds
2026-04-24 01:36:03,457 [INFO] command processing is alive.
2026-04-24 01:41:03,858 [INFO] command processing is alive.
2026-04-24 01:46:04,238 [INFO] command processing is alive.
2026-04-24 01:51:04,621 [INFO] command processing is alive.
2026-04-24 01:56:05,012 [INFO] command processing is alive.
2026-04-24 02:01:05,399 [INFO] command processing is alive.
2026-04-24 02:03:57,096 [INFO] Refreshing listener credentials
2026-04-24 02:03:57,193 [INFO] Scheduling next credential refresh in 1799.0 seconds
2026-04-24 02:06:05,782 [INFO] command processing is alive.
2026-04-24 02:11:06,149 [INFO] command processing is alive.
2026-04-24 02:16:06,531 [INFO] command processing is alive.
2026-04-24 02:21:06,918 [INFO] command processing is alive.
2026-04-24 02:26:07,309 [INFO] command processing is alive.
2026-04-24 02:31:07,677 [INFO] command processing is alive.
2026-04-24 02:33:56,193 [INFO] Refreshing listener credentials
2026-04-24 02:33:56,266 [INFO] Scheduling next credential refresh in 1799.0 seconds
2026-04-24 02:36:08,058 [INFO] command processing is alive.
2026-04-24 02:41:08,448 [INFO] command processing is alive.
2026-04-24 02:46:08,847 [INFO] command processing is alive.
2026-04-24 02:51:09,275 [INFO] command processing is alive.
2026-04-24 02:56:09,689 [INFO] command processing is alive.
2026-04-24 03:01:10,089 [INFO] command processing is alive.
2026-04-24 03:03:55,267 [INFO] Refreshing listener credentials
2026-04-24 03:03:55,344 [INFO] Scheduling next credential refresh in 1799.0 seconds
2026-04-24 03:06:10,472 [INFO] command processing is alive.
2026-04-24 03:11:10,847 [INFO] command processing is alive.
2026-04-24 03:16:11,242 [INFO] command processing is alive.
2026-04-24 03:21:11,623 [INFO] command processing is alive.
2026-04-24 03:26:12,022 [INFO] command processing is alive.
2026-04-24 03:31:12,428 [INFO] command processing is alive.
2026-04-24 03:33:54,344 [INFO] Refreshing listener credentials
2026-04-24 03:33:54,423 [INFO] Scheduling next credential refresh in 1799.0 seconds
2026-04-24 03:36:12,830 [INFO] command processing is alive.
2026-04-24 03:41:13,222 [INFO] command processing is alive.
2026-04-24 03:46:13,610 [INFO] command processing is alive.
2026-04-24 03:51:13,986 [INFO] command processing is alive.
2026-04-24 03:56:14,374 [INFO] command processing is alive.
2026-04-24 04:01:14,763 [INFO] command processing is alive.
2026-04-24 04:03:53,423 [INFO] Refreshing listener credentials
2026-04-24 04:03:53,512 [INFO] Scheduling next credential refresh in 1799.0 seconds
2026-04-24 04:06:15,150 [INFO] command processing is alive.
2026-04-24 04:11:15,547 [INFO] command processing is alive.
2026-04-24 04:16:15,934 [INFO] command processing is alive.
2026-04-24 04:21:16,328 [INFO] command processing is alive.
2026-04-24 04:26:16,719 [INFO] command processing is alive.
2026-04-24 04:31:17,113 [INFO] command processing is alive.
2026-04-24 04:33:52,512 [INFO] Refreshing listener credentials
2026-04-24 04:33:52,615 [INFO] Scheduling next credential refresh in 1799.0 seconds
2026-04-24 04:36:17,512 [INFO] command processing is alive.
2026-04-24 04:41:17,906 [INFO] command processing is alive.
2026-04-24 04:46:18,291 [INFO] command processing is alive.
2026-04-24 04:51:18,689 [INFO] command processing is alive.
2026-04-24 04:56:19,066 [INFO] command processing is alive.
2026-04-24 05:01:19,461 [INFO] command processing is alive.
2026-04-24 05:03:51,615 [INFO] Refreshing listener credentials
2026-04-24 05:03:51,706 [INFO] Scheduling next credential refresh in 1799.0 seconds
2026-04-24 05:06:19,883 [INFO] command processing is alive.
2026-04-24 05:11:20,345 [INFO] command processing is alive.
2026-04-24 05:16:20,729 [INFO] command processing is alive.
2026-04-24 05:21:21,133 [INFO] command processing is alive.
2026-04-24 05:26:21,609 [INFO] command processing is alive.
2026-04-24 05:31:22,141 [INFO] command processing is alive.
2026-04-24 05:33:50,706 [INFO] Refreshing listener credentials
2026-04-24 05:33:50,791 [INFO] Scheduling next credential refresh in 1799.0 seconds
2026-04-24 05:36:22,574 [INFO] command processing is alive.
2026-04-24 05:41:22,959 [INFO] command processing is alive.
2026-04-24 05:46:23,338 [INFO] command processing is alive.
2026-04-24 05:51:23,726 [INFO] command processing is alive.
2026-04-24 05:56:24,112 [INFO] command processing is alive.
2026-04-24 06:00:58,184 [INFO] Received command ElasticBeanstalkCommand-AWSEBAutoScalingGroup (invocation id: 0ec416c0-4e97-4c45-973c-2cff4a0b120a)
2026-04-24 06:00:58,184 [INFO] Running action for aws-eb-command-handler
2026-04-24 06:01:24,154 [INFO] Action for aws-eb-command-handler succeeded, returning SUCCESS
2026-04-24 06:01:24,218 [INFO] command processing is alive.
2026-04-24 06:03:49,791 [INFO] Refreshing listener credentials
2026-04-24 06:03:49,863 [INFO] Scheduling next credential refresh in 1799.0 seconds
2026-04-24 06:06:24,619 [INFO] command processing is alive.
2026-04-24 06:11:25,037 [INFO] command processing is alive.
2026-04-24 06:16:25,447 [INFO] command processing is alive.
2026-04-24 06:21:25,872 [INFO] command processing is alive.
2026-04-24 06:26:26,268 [INFO] command processing is alive.
2026-04-24 06:31:26,654 [INFO] command processing is alive.
2026-04-24 06:33:48,863 [INFO] Refreshing listener credentials
2026-04-24 06:33:48,935 [INFO] Scheduling next credential refresh in 1799.0 seconds
2026-04-24 06:36:27,042 [INFO] command processing is alive.
2026-04-24 06:41:27,418 [INFO] command processing is alive.
2026-04-24 06:46:27,793 [INFO] command processing is alive.
2026-04-24 06:51:28,198 [INFO] command processing is alive.
2026-04-24 06:56:28,599 [INFO] command processing is alive.
2026-04-24 07:01:28,983 [INFO] command processing is alive.
2026-04-24 07:03:47,936 [INFO] Refreshing listener credentials
2026-04-24 07:03:48,017 [INFO] Scheduling next credential refresh in 1799.0 seconds
2026-04-24 07:06:29,383 [INFO] command processing is alive.
2026-04-24 07:11:29,773 [INFO] command processing is alive.
2026-04-24 07:16:30,178 [INFO] command processing is alive.
2026-04-24 07:21:30,570 [INFO] command processing is alive.
2026-04-24 07:26:30,975 [INFO] command processing is alive.
2026-04-24 07:31:31,370 [INFO] command processing is alive.
2026-04-24 07:33:44,670 [INFO] Received command ElasticBeanstalkCommand-AWSEBAutoScalingGroup (invocation id: 20461e4e-387e-4b47-bea7-e0886d385016)
2026-04-24 07:33:44,670 [INFO] Running action for aws-eb-command-handler
2026-04-24 07:33:47,018 [INFO] Refreshing listener credentials
2026-04-24 07:33:47,115 [INFO] Scheduling next credential refresh in 1799.0 seconds
2026-04-24 07:34:08,312 [INFO] Action for aws-eb-command-handler succeeded, returning SUCCESS
2026-04-24 07:36:48,590 [INFO] command processing is alive.
2026-04-24 07:41:48,977 [INFO] command processing is alive.
2026-04-24 07:46:49,363 [INFO] command processing is alive.
2026-04-24 07:49:43,740 [INFO] Received command ElasticBeanstalkCommand-AWSEBAutoScalingGroup (invocation id: a1377794-e8a3-4cac-b760-bf7814bf4d88)
2026-04-24 07:49:43,740 [INFO] Running action for aws-eb-command-handler
2026-04-24 07:50:11,467 [INFO] Action for aws-eb-command-handler succeeded, returning SUCCESS
2026-04-24 07:51:51,653 [INFO] command processing is alive.
2026-04-24 07:56:52,042 [INFO] command processing is alive.
2026-04-24 08:01:52,431 [INFO] command processing is alive.
2026-04-24 08:03:46,115 [INFO] Refreshing listener credentials
2026-04-24 08:03:46,192 [INFO] Scheduling next credential refresh in 1799.0 seconds
2026-04-24 08:06:52,825 [INFO] command processing is alive.
2026-04-24 08:11:53,223 [INFO] command processing is alive.
2026-04-24 08:16:53,624 [INFO] command processing is alive.
2026-04-24 08:21:53,999 [INFO] command processing is alive.
2026-04-24 08:26:54,400 [INFO] command processing is alive.
2026-04-24 08:31:54,800 [INFO] command processing is alive.
2026-04-24 08:33:45,192 [INFO] Refreshing listener credentials
2026-04-24 08:33:45,273 [INFO] Scheduling next credential refresh in 1799.0 seconds
2026-04-24 08:36:55,183 [INFO] command processing is alive.
2026-04-24 08:39:46,281 [INFO] Received command ElasticBeanstalkCommand-AWSEBAutoScalingGroup (invocation id: 1a96692e-274b-4635-9f3a-cd9e97b2678b)
2026-04-24 08:39:46,281 [INFO] Running action for aws-eb-command-handler
2026-04-24 08:40:14,462 [INFO] Action for aws-eb-command-handler succeeded, returning SUCCESS
2026-04-24 08:41:49,702 [INFO] Received command ElasticBeanstalkCommand-AWSEBAutoScalingGroup (invocation id: 7cecf652-620b-4976-b37a-f2522e067658)
2026-04-24 08:41:49,702 [INFO] Running action for aws-eb-command-handler
2026-04-24 08:42:17,089 [INFO] Action for aws-eb-command-handler succeeded, returning SUCCESS
2026-04-24 08:42:17,170 [INFO] command processing is alive.
2026-04-24 08:42:57,705 [INFO] Received command ElasticBeanstalkCommand-AWSEBAutoScalingGroup (invocation id: da424649-4ec5-4ff3-bbf6-0c63453f1a29)
2026-04-24 08:42:57,705 [INFO] Running action for aws-eb-command-handler
2026-04-24 08:43:24,593 [INFO] Action for aws-eb-command-handler succeeded, returning SUCCESS
2026-04-24 08:47:24,998 [INFO] command processing is alive.
2026-04-24 08:52:25,379 [INFO] command processing is alive.
2026-04-24 08:57:25,766 [INFO] command processing is alive.
2026-04-24 09:02:26,169 [INFO] command processing is alive.
2026-04-24 09:03:44,273 [INFO] Refreshing listener credentials
2026-04-24 09:03:44,343 [INFO] Scheduling next credential refresh in 1799.0 seconds
2026-04-24 09:07:26,555 [INFO] command processing is alive.
2026-04-24 09:12:26,944 [INFO] command processing is alive.
2026-04-24 09:17:27,330 [INFO] command processing is alive.
2026-04-24 09:22:27,719 [INFO] command processing is alive.
2026-04-24 09:27:28,099 [INFO] command processing is alive.
2026-04-24 09:32:28,495 [INFO] command processing is alive.
2026-04-24 09:33:43,344 [INFO] Refreshing listener credentials
2026-04-24 09:33:43,416 [INFO] Scheduling next credential refresh in 1799.0 seconds
2026-04-24 09:37:28,878 [INFO] command processing is alive.
2026-04-24 09:42:29,292 [INFO] command processing is alive.
2026-04-24 09:47:29,675 [INFO] command processing is alive.
2026-04-24 09:52:30,056 [INFO] command processing is alive.
2026-04-24 09:57:30,434 [INFO] command processing is alive.
2026-04-24 10:02:30,835 [INFO] command processing is alive.
2026-04-24 10:03:42,416 [INFO] Refreshing listener credentials
2026-04-24 10:03:42,487 [INFO] Scheduling next credential refresh in 1799.0 seconds
2026-04-24 10:07:31,232 [INFO] command processing is alive.
2026-04-24 10:12:31,634 [INFO] command processing is alive.
2026-04-24 10:17:32,056 [INFO] command processing is alive.
2026-04-24 10:22:32,445 [INFO] command processing is alive.
2026-04-24 10:27:32,827 [INFO] command processing is alive.
2026-04-24 10:32:33,227 [INFO] command processing is alive.
2026-04-24 10:33:41,488 [INFO] Refreshing listener credentials
2026-04-24 10:33:41,561 [INFO] Scheduling next credential refresh in 1799.0 seconds
2026-04-24 10:37:33,619 [INFO] command processing is alive.
2026-04-24 10:42:34,007 [INFO] command processing is alive.
2026-04-24 10:47:34,394 [INFO] command processing is alive.
2026-04-24 10:52:34,788 [INFO] command processing is alive.
2026-04-24 10:57:35,170 [INFO] command processing is alive.
2026-04-24 11:02:35,592 [INFO] command processing is alive.
2026-04-24 11:03:40,562 [INFO] Refreshing listener credentials
2026-04-24 11:03:40,636 [INFO] Scheduling next credential refresh in 1799.0 seconds
2026-04-24 11:07:35,992 [INFO] command processing is alive.
2026-04-24 11:12:36,373 [INFO] command processing is alive.
2026-04-24 11:17:36,792 [INFO] command processing is alive.
2026-04-24 11:22:37,183 [INFO] command processing is alive.
2026-04-24 11:27:37,570 [INFO] command processing is alive.
2026-04-24 11:32:37,930 [INFO] command processing is alive.
2026-04-24 11:33:39,636 [INFO] Refreshing listener credentials
2026-04-24 11:33:39,718 [INFO] Scheduling next credential refresh in 1799.0 seconds
2026-04-24 11:37:38,303 [INFO] command processing is alive.
2026-04-24 11:42:38,678 [INFO] command processing is alive.
2026-04-24 11:47:39,067 [INFO] command processing is alive.
2026-04-24 11:52:39,487 [INFO] command processing is alive.
2026-04-24 11:57:39,866 [INFO] command processing is alive.
2026-04-24 12:02:40,419 [INFO] command processing is alive.
2026-04-24 12:03:38,718 [INFO] Refreshing listener credentials
2026-04-24 12:03:38,793 [INFO] Scheduling next credential refresh in 1799.0 seconds
2026-04-24 12:07:40,827 [INFO] command processing is alive.
2026-04-24 12:12:41,216 [INFO] command processing is alive.
2026-04-24 12:17:41,686 [INFO] command processing is alive.
2026-04-24 12:22:42,478 [INFO] command processing is alive.
2026-04-24 12:27:42,902 [INFO] command processing is alive.
2026-04-24 12:32:43,303 [INFO] command processing is alive.
2026-04-24 12:33:37,793 [INFO] Refreshing listener credentials
2026-04-24 12:33:37,866 [INFO] Scheduling next credential refresh in 1799.0 seconds
2026-04-24 12:37:43,695 [INFO] command processing is alive.
2026-04-24 12:42:44,106 [INFO] command processing is alive.
2026-04-24 12:47:44,489 [INFO] command processing is alive.
2026-04-24 12:52:44,907 [INFO] command processing is alive.
2026-04-24 12:57:45,288 [INFO] command processing is alive.
2026-04-24 13:02:45,662 [INFO] command processing is alive.
2026-04-24 13:03:36,866 [INFO] Refreshing listener credentials
2026-04-24 13:03:36,945 [INFO] Scheduling next credential refresh in 1799.0 seconds
2026-04-24 13:07:46,071 [INFO] command processing is alive.
2026-04-24 13:12:46,464 [INFO] command processing is alive.
2026-04-24 13:17:46,846 [INFO] command processing is alive.
2026-04-24 13:22:47,221 [INFO] command processing is alive.
2026-04-24 13:27:47,623 [INFO] command processing is alive.
2026-04-24 13:32:48,002 [INFO] command processing is alive.
2026-04-24 13:33:35,946 [INFO] Refreshing listener credentials
2026-04-24 13:33:36,020 [INFO] Scheduling next credential refresh in 1799.0 seconds
2026-04-24 13:37:48,409 [INFO] command processing is alive.
2026-04-24 13:42:48,784 [INFO] command processing is alive.
2026-04-24 13:47:49,214 [INFO] command processing is alive.
2026-04-24 13:52:49,611 [INFO] command processing is alive.
2026-04-24 13:57:50,035 [INFO] command processing is alive.
2026-04-24 14:02:50,415 [INFO] command processing is alive.
2026-04-24 14:03:35,021 [INFO] Refreshing listener credentials
2026-04-24 14:03:35,105 [INFO] Scheduling next credential refresh in 1799.0 seconds
2026-04-24 14:07:50,809 [INFO] command processing is alive.
2026-04-24 14:12:51,222 [INFO] command processing is alive.
2026-04-24 14:17:51,625 [INFO] command processing is alive.
2026-04-24 14:22:52,026 [INFO] command processing is alive.
2026-04-24 14:27:52,464 [INFO] command processing is alive.
2026-04-24 14:32:52,852 [INFO] command processing is alive.
2026-04-24 14:33:34,106 [INFO] Refreshing listener credentials
2026-04-24 14:33:34,180 [INFO] Scheduling next credential refresh in 1799.0 seconds
2026-04-24 14:37:53,247 [INFO] command processing is alive.
2026-04-24 14:42:53,641 [INFO] command processing is alive.
2026-04-24 14:47:54,064 [INFO] command processing is alive.
2026-04-24 14:52:54,506 [INFO] command processing is alive.
2026-04-24 14:57:54,916 [INFO] command processing is alive.
2026-04-24 15:02:55,309 [INFO] command processing is alive.
2026-04-24 15:03:33,181 [INFO] Refreshing listener credentials
2026-04-24 15:03:33,256 [INFO] Scheduling next credential refresh in 1799.0 seconds
2026-04-24 15:07:55,697 [INFO] command processing is alive.
2026-04-24 15:12:56,094 [INFO] command processing is alive.
2026-04-24 15:17:56,495 [INFO] command processing is alive.
2026-04-24 15:22:56,921 [INFO] command processing is alive.
2026-04-24 15:27:57,328 [INFO] command processing is alive.
2026-04-24 15:32:57,732 [INFO] command processing is alive.
2026-04-24 15:33:32,256 [INFO] Refreshing listener credentials
2026-04-24 15:33:32,343 [INFO] Scheduling next credential refresh in 1799.0 seconds
2026-04-24 15:37:58,130 [INFO] command processing is alive.
2026-04-24 15:42:58,514 [INFO] command processing is alive.
2026-04-24 15:47:58,905 [INFO] command processing is alive.
2026-04-24 15:52:59,295 [INFO] command processing is alive.
2026-04-24 15:57:59,686 [INFO] command processing is alive.
2026-04-24 16:03:00,094 [INFO] command processing is alive.
2026-04-24 16:03:31,344 [INFO] Refreshing listener credentials
2026-04-24 16:03:31,414 [INFO] Scheduling next credential refresh in 1799.0 seconds
2026-04-24 16:08:00,517 [INFO] command processing is alive.
2026-04-24 16:13:00,921 [INFO] command processing is alive.
2026-04-24 16:18:01,334 [INFO] command processing is alive.
2026-04-24 16:23:01,813 [INFO] command processing is alive.
2026-04-24 16:28:02,263 [INFO] command processing is alive.
2026-04-24 16:33:02,869 [INFO] command processing is alive.
2026-04-24 16:33:30,414 [INFO] Refreshing listener credentials
2026-04-24 16:33:30,504 [INFO] Scheduling next credential refresh in 1799.0 seconds
2026-04-24 16:38:03,306 [INFO] command processing is alive.
2026-04-24 16:43:03,749 [INFO] command processing is alive.
2026-04-24 16:48:04,144 [INFO] command processing is alive.
2026-04-24 16:53:04,541 [INFO] command processing is alive.
2026-04-24 16:58:04,945 [INFO] command processing is alive.
2026-04-24 17:03:05,345 [INFO] command processing is alive.
2026-04-24 17:03:29,504 [INFO] Refreshing listener credentials
2026-04-24 17:03:29,574 [INFO] Scheduling next credential refresh in 1799.0 seconds
2026-04-24 17:08:05,732 [INFO] command processing is alive.
2026-04-24 17:13:06,126 [INFO] command processing is alive.
2026-04-24 17:18:06,511 [INFO] command processing is alive.
2026-04-24 17:23:06,906 [INFO] command processing is alive.
2026-04-24 17:28:07,280 [INFO] command processing is alive.
2026-04-24 17:33:07,660 [INFO] command processing is alive.
2026-04-24 17:33:28,574 [INFO] Refreshing listener credentials
2026-04-24 17:33:28,650 [INFO] Scheduling next credential refresh in 1799.0 seconds
2026-04-24 17:38:08,076 [INFO] command processing is alive.
2026-04-24 17:43:08,463 [INFO] command processing is alive.
2026-04-24 17:48:08,839 [INFO] command processing is alive.
2026-04-24 17:53:09,279 [INFO] command processing is alive.
2026-04-24 17:58:09,665 [INFO] command processing is alive.
2026-04-24 18:03:10,063 [INFO] command processing is alive.
2026-04-24 18:03:27,650 [INFO] Refreshing listener credentials
2026-04-24 18:03:27,726 [INFO] Scheduling next credential refresh in 1799.0 seconds
2026-04-24 18:08:10,466 [INFO] command processing is alive.
2026-04-24 18:13:10,868 [INFO] command processing is alive.
2026-04-24 18:18:11,278 [INFO] command processing is alive.
2026-04-24 18:23:11,722 [INFO] command processing is alive.
2026-04-24 18:28:12,127 [INFO] command processing is alive.
2026-04-24 18:33:12,529 [INFO] command processing is alive.
2026-04-24 18:33:26,727 [INFO] Refreshing listener credentials
2026-04-24 18:33:26,796 [INFO] Scheduling next credential refresh in 1799.0 seconds
2026-04-24 18:38:12,923 [INFO] command processing is alive.
2026-04-24 18:43:13,303 [INFO] command processing is alive.
2026-04-24 18:48:13,695 [INFO] command processing is alive.
2026-04-24 18:53:14,116 [INFO] command processing is alive.
2026-04-24 18:58:14,516 [INFO] command processing is alive.
2026-04-24 19:03:14,902 [INFO] command processing is alive.
2026-04-24 19:03:25,796 [INFO] Refreshing listener credentials
2026-04-24 19:03:25,865 [INFO] Scheduling next credential refresh in 1799.0 seconds
2026-04-24 19:08:15,334 [INFO] command processing is alive.
2026-04-24 19:13:15,717 [INFO] command processing is alive.
2026-04-24 19:18:16,130 [INFO] command processing is alive.
2026-04-24 19:23:16,522 [INFO] command processing is alive.
2026-04-24 19:28:16,911 [INFO] command processing is alive.
2026-04-24 19:33:17,326 [INFO] command processing is alive.
2026-04-24 19:33:24,865 [INFO] Refreshing listener credentials
2026-04-24 19:33:24,938 [INFO] Scheduling next credential refresh in 1799.0 seconds
2026-04-24 19:38:17,712 [INFO] command processing is alive.
2026-04-24 19:43:18,092 [INFO] command processing is alive.
2026-04-24 19:48:18,463 [INFO] command processing is alive.
2026-04-24 19:53:18,850 [INFO] command processing is alive.
2026-04-24 19:58:19,255 [INFO] command processing is alive.
2026-04-24 20:03:19,636 [INFO] command processing is alive.
2026-04-24 20:03:23,938 [INFO] Refreshing listener credentials
2026-04-24 20:03:24,019 [INFO] Scheduling next credential refresh in 1799.0 seconds
2026-04-24 20:08:20,085 [INFO] command processing is alive.
2026-04-24 20:13:20,472 [INFO] command processing is alive.
2026-04-24 20:18:20,868 [INFO] command processing is alive.
2026-04-24 20:23:21,270 [INFO] command processing is alive.
2026-04-24 20:28:21,773 [INFO] command processing is alive.
2026-04-24 20:33:22,264 [INFO] command processing is alive.
2026-04-24 20:33:23,020 [INFO] Refreshing listener credentials
2026-04-24 20:33:23,094 [INFO] Scheduling next credential refresh in 1799.0 seconds
2026-04-24 20:38:22,678 [INFO] command processing is alive.
2026-04-24 20:43:23,089 [INFO] command processing is alive.
2026-04-24 20:48:23,483 [INFO] command processing is alive.
2026-04-24 20:53:23,857 [INFO] command processing is alive.
2026-04-24 20:58:24,253 [INFO] command processing is alive.
2026-04-24 21:03:22,094 [INFO] Refreshing listener credentials
2026-04-24 21:03:22,174 [INFO] Scheduling next credential refresh in 1799.0 seconds
2026-04-24 21:03:24,662 [INFO] command processing is alive.
2026-04-24 21:08:25,058 [INFO] command processing is alive.
2026-04-24 21:13:25,455 [INFO] command processing is alive.
2026-04-24 21:18:25,852 [INFO] command processing is alive.
2026-04-24 21:23:26,235 [INFO] command processing is alive.
2026-04-24 21:28:26,617 [INFO] command processing is alive.
2026-04-24 21:33:21,175 [INFO] Refreshing listener credentials
2026-04-24 21:33:21,241 [INFO] Scheduling next credential refresh in 1799.0 seconds
2026-04-24 21:33:27,004 [INFO] command processing is alive.
2026-04-24 21:38:27,406 [INFO] command processing is alive.
2026-04-24 21:43:27,783 [INFO] command processing is alive.
2026-04-24 21:48:28,159 [INFO] command processing is alive.
2026-04-24 21:53:28,548 [INFO] command processing is alive.
2026-04-24 21:58:28,941 [INFO] command processing is alive.
2026-04-24 22:03:20,242 [INFO] Refreshing listener credentials
2026-04-24 22:03:20,314 [INFO] Scheduling next credential refresh in 1799.0 seconds
2026-04-24 22:03:29,336 [INFO] command processing is alive.
2026-04-24 22:08:29,716 [INFO] command processing is alive.
2026-04-24 22:13:30,113 [INFO] command processing is alive.
2026-04-24 22:18:30,499 [INFO] command processing is alive.
2026-04-24 22:23:30,886 [INFO] command processing is alive.
2026-04-24 22:28:31,343 [INFO] command processing is alive.
2026-04-24 22:33:19,315 [INFO] Refreshing listener credentials
2026-04-24 22:33:19,391 [INFO] Scheduling next credential refresh in 1799.0 seconds
2026-04-24 22:33:31,748 [INFO] command processing is alive.
2026-04-24 22:38:32,147 [INFO] command processing is alive.
2026-04-24 22:43:32,531 [INFO] command processing is alive.
2026-04-24 22:48:32,922 [INFO] command processing is alive.
2026-04-24 22:53:33,337 [INFO] command processing is alive.
2026-04-24 22:58:33,735 [INFO] command processing is alive.
2026-04-24 23:03:18,392 [INFO] Refreshing listener credentials
2026-04-24 23:03:18,462 [INFO] Scheduling next credential refresh in 1799.0 seconds
2026-04-24 23:03:34,151 [INFO] command processing is alive.
2026-04-24 23:08:34,563 [INFO] command processing is alive.
2026-04-24 23:13:34,966 [INFO] command processing is alive.
2026-04-24 23:18:35,373 [INFO] command processing is alive.
2026-04-24 23:23:35,782 [INFO] command processing is alive.
2026-04-24 23:28:36,170 [INFO] command processing is alive.
2026-04-24 23:33:17,463 [INFO] Refreshing listener credentials
2026-04-24 23:33:17,546 [INFO] Scheduling next credential refresh in 1799.0 seconds
2026-04-24 23:33:36,569 [INFO] command processing is alive.
2026-04-24 23:38:36,945 [INFO] command processing is alive.
2026-04-24 23:43:37,334 [INFO] command processing is alive.
2026-04-24 23:48:37,724 [INFO] command processing is alive.
2026-04-24 23:53:38,134 [INFO] command processing is alive.
2026-04-24 23:58:38,533 [INFO] command processing is alive.
2026-04-25 00:03:16,546 [INFO] Refreshing listener credentials
2026-04-25 00:03:16,632 [INFO] Scheduling next credential refresh in 1799.0 seconds
2026-04-25 00:03:38,925 [INFO] command processing is alive.
2026-04-25 00:08:39,316 [INFO] command processing is alive.
2026-04-25 00:13:39,712 [INFO] command processing is alive.
2026-04-25 00:18:40,137 [INFO] command processing is alive.
2026-04-25 00:23:40,555 [INFO] command processing is alive.
2026-04-25 00:28:40,940 [INFO] command processing is alive.
2026-04-25 00:33:15,632 [INFO] Refreshing listener credentials
2026-04-25 00:33:15,713 [INFO] Scheduling next credential refresh in 1799.0 seconds
2026-04-25 00:33:41,350 [INFO] command processing is alive.
2026-04-25 00:38:41,821 [INFO] command processing is alive.
2026-04-25 00:43:42,445 [INFO] command processing is alive.
2026-04-25 00:48:42,823 [INFO] command processing is alive.
2026-04-25 00:53:43,213 [INFO] command processing is alive.
2026-04-25 00:58:43,598 [INFO] command processing is alive.
2026-04-25 01:03:14,714 [INFO] Refreshing listener credentials
2026-04-25 01:03:14,806 [INFO] Scheduling next credential refresh in 1799.0 seconds
2026-04-25 01:03:43,983 [INFO] command processing is alive.
2026-04-25 01:08:44,375 [INFO] command processing is alive.
2026-04-25 01:13:44,782 [INFO] command processing is alive.
2026-04-25 01:18:45,220 [INFO] command processing is alive.
2026-04-25 01:23:45,593 [INFO] command processing is alive.
2026-04-25 01:28:45,997 [INFO] command processing is alive.
2026-04-25 01:33:13,807 [INFO] Refreshing listener credentials
2026-04-25 01:33:13,885 [INFO] Scheduling next credential refresh in 1799.0 seconds
2026-04-25 01:33:46,383 [INFO] command processing is alive.
2026-04-25 01:38:46,770 [INFO] command processing is alive.
2026-04-25 01:43:47,163 [INFO] command processing is alive.
2026-04-25 01:48:47,544 [INFO] command processing is alive.
2026-04-25 01:53:47,930 [INFO] command processing is alive.
2026-04-25 01:58:48,300 [INFO] command processing is alive.
2026-04-25 02:03:12,885 [INFO] Refreshing listener credentials
2026-04-25 02:03:12,959 [INFO] Scheduling next credential refresh in 1799.0 seconds
2026-04-25 02:03:48,693 [INFO] command processing is alive.
2026-04-25 02:08:49,067 [INFO] command processing is alive.
2026-04-25 02:13:49,473 [INFO] command processing is alive.
2026-04-25 02:18:49,850 [INFO] command processing is alive.
2026-04-25 02:23:50,233 [INFO] command processing is alive.
2026-04-25 02:28:50,623 [INFO] command processing is alive.
2026-04-25 02:33:11,959 [INFO] Refreshing listener credentials
2026-04-25 02:33:12,032 [INFO] Scheduling next credential refresh in 1799.0 seconds
2026-04-25 02:33:51,010 [INFO] command processing is alive.
2026-04-25 02:38:51,442 [INFO] command processing is alive.
2026-04-25 02:43:51,837 [INFO] command processing is alive.
2026-04-25 02:48:52,214 [INFO] command processing is alive.
2026-04-25 02:53:52,610 [INFO] command processing is alive.
2026-04-25 02:58:53,011 [INFO] command processing is alive.
2026-04-25 03:03:11,032 [INFO] Refreshing listener credentials
2026-04-25 03:03:11,112 [INFO] Scheduling next credential refresh in 1799.0 seconds
2026-04-25 03:03:53,411 [INFO] command processing is alive.
2026-04-25 03:08:53,830 [INFO] command processing is alive.
2026-04-25 03:13:54,234 [INFO] command processing is alive.
2026-04-25 03:18:54,610 [INFO] command processing is alive.
2026-04-25 03:23:54,995 [INFO] command processing is alive.
2026-04-25 03:28:55,401 [INFO] command processing is alive.
2026-04-25 03:33:10,112 [INFO] Refreshing listener credentials
2026-04-25 03:33:10,185 [INFO] Scheduling next credential refresh in 1799.0 seconds
2026-04-25 03:33:55,784 [INFO] command processing is alive.
2026-04-25 03:38:56,173 [INFO] command processing is alive.
2026-04-25 03:43:56,559 [INFO] command processing is alive.
2026-04-25 03:48:56,949 [INFO] command processing is alive.
2026-04-25 03:53:57,346 [INFO] command processing is alive.
2026-04-25 03:58:57,730 [INFO] command processing is alive.
2026-04-25 04:03:09,185 [INFO] Refreshing listener credentials
2026-04-25 04:03:09,267 [INFO] Scheduling next credential refresh in 1799.0 seconds
2026-04-25 04:03:58,135 [INFO] command processing is alive.
2026-04-25 04:08:58,530 [INFO] command processing is alive.
2026-04-25 04:13:58,964 [INFO] command processing is alive.
2026-04-25 04:18:59,349 [INFO] command processing is alive.
2026-04-25 04:23:59,749 [INFO] command processing is alive.
2026-04-25 04:29:00,153 [INFO] command processing is alive.
2026-04-25 04:33:08,268 [INFO] Refreshing listener credentials
2026-04-25 04:33:08,352 [INFO] Scheduling next credential refresh in 1799.0 seconds
2026-04-25 04:34:00,562 [INFO] command processing is alive.
2026-04-25 04:39:00,935 [INFO] command processing is alive.
2026-04-25 04:44:01,348 [INFO] command processing is alive.
2026-04-25 04:49:01,845 [INFO] command processing is alive.
2026-04-25 04:54:02,511 [INFO] command processing is alive.
2026-04-25 04:59:02,903 [INFO] command processing is alive.
2026-04-25 05:03:07,353 [INFO] Refreshing listener credentials
2026-04-25 05:03:07,424 [INFO] Scheduling next credential refresh in 1799.0 seconds
2026-04-25 05:04:03,317 [INFO] command processing is alive.
2026-04-25 05:09:03,718 [INFO] command processing is alive.
2026-04-25 05:14:04,110 [INFO] command processing is alive.
2026-04-25 05:19:04,520 [INFO] command processing is alive.
2026-04-25 05:24:04,920 [INFO] command processing is alive.
2026-04-25 05:29:05,315 [INFO] command processing is alive.
2026-04-25 05:33:06,425 [INFO] Refreshing listener credentials
2026-04-25 05:33:06,498 [INFO] Scheduling next credential refresh in 1799.0 seconds
2026-04-25 05:34:05,711 [INFO] command processing is alive.
2026-04-25 05:39:06,118 [INFO] command processing is alive.
2026-04-25 05:44:06,491 [INFO] command processing is alive.
2026-04-25 05:49:06,924 [INFO] command processing is alive.
2026-04-25 05:54:07,313 [INFO] command processing is alive.
2026-04-25 05:59:07,690 [INFO] command processing is alive.
2026-04-25 06:03:05,499 [INFO] Refreshing listener credentials
2026-04-25 06:03:05,570 [INFO] Scheduling next credential refresh in 1799.0 seconds
2026-04-25 06:04:08,082 [INFO] command processing is alive.
2026-04-25 06:09:08,480 [INFO] command processing is alive.
2026-04-25 06:14:08,858 [INFO] command processing is alive.
2026-04-25 06:19:09,285 [INFO] command processing is alive.
2026-04-25 06:24:09,667 [INFO] command processing is alive.
2026-04-25 06:29:10,056 [INFO] command processing is alive.
2026-04-25 06:33:04,570 [INFO] Refreshing listener credentials
2026-04-25 06:33:04,650 [INFO] Scheduling next credential refresh in 1799.0 seconds
2026-04-25 06:34:10,445 [INFO] command processing is alive.
2026-04-25 06:39:10,846 [INFO] command processing is alive.
2026-04-25 06:44:11,218 [INFO] command processing is alive.
2026-04-25 06:49:11,597 [INFO] command processing is alive.
2026-04-25 06:54:11,993 [INFO] command processing is alive.
2026-04-25 06:59:12,394 [INFO] command processing is alive.
2026-04-25 07:03:03,651 [INFO] Refreshing listener credentials
2026-04-25 07:03:03,725 [INFO] Scheduling next credential refresh in 1799.0 seconds
2026-04-25 07:04:12,792 [INFO] command processing is alive.
2026-04-25 07:09:13,187 [INFO] command processing is alive.
2026-04-25 07:14:13,614 [INFO] command processing is alive.
2026-04-25 07:19:14,006 [INFO] command processing is alive.
2026-04-25 07:24:14,395 [INFO] command processing is alive.
2026-04-25 07:29:14,794 [INFO] command processing is alive.
2026-04-25 07:33:02,726 [INFO] Refreshing listener credentials
2026-04-25 07:33:02,797 [INFO] Scheduling next credential refresh in 1799.0 seconds
2026-04-25 07:34:15,198 [INFO] command processing is alive.
2026-04-25 07:39:15,606 [INFO] command processing is alive.
2026-04-25 07:44:16,013 [INFO] command processing is alive.
2026-04-25 07:49:16,413 [INFO] command processing is alive.
2026-04-25 07:54:16,816 [INFO] command processing is alive.
2026-04-25 07:59:17,213 [INFO] command processing is alive.
2026-04-25 08:03:01,797 [INFO] Refreshing listener credentials
2026-04-25 08:03:01,908 [INFO] Scheduling next credential refresh in 1799.0 seconds
2026-04-25 08:04:17,597 [INFO] command processing is alive.
2026-04-25 08:09:18,007 [INFO] command processing is alive.
2026-04-25 08:14:18,395 [INFO] command processing is alive.
2026-04-25 08:19:18,778 [INFO] command processing is alive.
2026-04-25 08:24:19,155 [INFO] command processing is alive.
2026-04-25 08:29:19,550 [INFO] command processing is alive.
2026-04-25 08:33:00,909 [INFO] Refreshing listener credentials
2026-04-25 08:33:00,980 [INFO] Scheduling next credential refresh in 1799.0 seconds
2026-04-25 08:34:19,935 [INFO] command processing is alive.
2026-04-25 08:39:20,363 [INFO] command processing is alive.
2026-04-25 08:44:20,755 [INFO] command processing is alive.
2026-04-25 08:49:21,217 [INFO] command processing is alive.
2026-04-25 08:54:21,702 [INFO] command processing is alive.
2026-04-25 08:59:22,136 [INFO] command processing is alive.
2026-04-25 09:02:59,981 [INFO] Refreshing listener credentials
2026-04-25 09:03:00,066 [INFO] Scheduling next credential refresh in 1799.0 seconds
2026-04-25 09:04:22,668 [INFO] command processing is alive.
2026-04-25 09:09:23,082 [INFO] command processing is alive.
2026-04-25 09:14:23,482 [INFO] command processing is alive.
2026-04-25 09:19:23,871 [INFO] command processing is alive.
2026-04-25 09:24:24,263 [INFO] command processing is alive.
2026-04-25 09:29:24,668 [INFO] command processing is alive.
2026-04-25 09:32:59,068 [INFO] Refreshing listener credentials
2026-04-25 09:32:59,149 [INFO] Scheduling next credential refresh in 1799.0 seconds
2026-04-25 09:34:25,058 [INFO] command processing is alive.
2026-04-25 09:39:25,461 [INFO] command processing is alive.
2026-04-25 09:39:52,184 [INFO] Received command ElasticBeanstalkCommand-AWSEBAutoScalingGroup (invocation id: 0300fc53-aaa3-48e5-b4df-4491ba136da0)
2026-04-25 09:39:52,184 [INFO] Running action for aws-eb-command-handler
2026-04-25 09:39:53,085 [INFO] Action for aws-eb-command-handler succeeded, returning SUCCESS
2026-04-25 09:44:33,504 [INFO] command processing is alive.
2026-04-25 09:49:33,892 [INFO] command processing is alive.
2026-04-25 09:54:34,275 [INFO] command processing is alive.
2026-04-25 09:54:35,292 [INFO] Received command ElasticBeanstalkCommand-AWSEBAutoScalingGroup (invocation id: f27ab09a-2f83-4270-954b-8f3c6a3c4aa1)
2026-04-25 09:54:35,292 [INFO] Running action for aws-eb-command-handler
